"gene","module","moduleLabel"
"RPS4Y1",2,"blue"
"HLA-DRB1",0,"grey"
"FCGR3A",2,"blue"
"PTMA",2,"blue"
"HLA-DRB4",0,"grey"
"DEFA4",0,"grey"
"DEFA1",0,"grey"
"MYOM2",0,"grey"
"IFI27",1,"turquoise"
"CA1",1,"turquoise"
"OLFM4",0,"grey"
"KRT1",1,"turquoise"
"EVI2B",2,"blue"
"GIMAP7",2,"blue"
"EIF1AY",2,"blue"
"SLC4A1",1,"turquoise"
"APOBEC3A",2,"blue"
"SELENBP1",1,"turquoise"
"CEACAM8",0,"grey"
"FCGR3B",2,"blue"
"IFI44L",8,"pink"
"FAM46C",1,"turquoise"
"ORM1",3,"brown"
"TMSB4X",2,"blue"
"LGALS3",2,"blue"
"IFIT1",8,"pink"
"ANXA2P1",2,"blue"
"EPB42",1,"turquoise"
"GABARAPL2",2,"blue"
"PPIB",2,"blue"
"TRIM58",1,"turquoise"
"RPL23",2,"blue"
"PTPLAD2",2,"blue"
"MMP9",3,"brown"
"S100P",3,"brown"
"PABPC1",2,"blue"
"HBD",1,"turquoise"
"PCDHB9",2,"blue"
"CAMP",0,"grey"
"CD164",2,"blue"
"BCL2A1",2,"blue"
"ALAS2",1,"turquoise"
"IFITM3",8,"pink"
"SNCA",1,"turquoise"
"ARG1",3,"brown"
"LY96",6,"red"
"SPRYD3",2,"blue"
"HLA-G",2,"blue"
"HBZ",1,"turquoise"
"DTWD2",2,"blue"
"CLC",0,"grey"
"ANP32A",2,"blue"
"TLR1",2,"blue"
"GYPB",1,"turquoise"
"LCN2",1,"turquoise"
"RSAD2",8,"pink"
"CAT",2,"blue"
"FAM49B",2,"blue"
"FOLR3",3,"brown"
"DDX3Y",2,"blue"
"ZNF223",2,"blue"
"GMPR",1,"turquoise"
"S100A12",2,"blue"
"HBG1",1,"turquoise"
"KCTD12",2,"blue"
"BNIP3L",2,"blue"
"HBM",1,"turquoise"
"HLA-DQA1",4,"yellow"
"OSBP2",1,"turquoise"
"PPBP",2,"blue"
"DPYSL5",2,"blue"
"GP9",1,"turquoise"
"RNASE3",0,"grey"
"BLVRB",2,"blue"
"SDPR",1,"turquoise"
"ARL6IP1",2,"blue"
"IGJ",1,"turquoise"
"HMGB2",2,"blue"
"TNS1",1,"turquoise"
"XK",1,"turquoise"
"RPS28",2,"blue"
"BMP8B",2,"blue"
"ZFP36L1",2,"blue"
"PDZK1IP1",1,"turquoise"
"RPL14",2,"blue"
"USP49",2,"blue"
"CLEC12A",0,"grey"
"RBM38",1,"turquoise"
"SNAPC1",2,"blue"
"LEP",2,"blue"
"RAB33B",2,"blue"
"RAD21",2,"blue"
"ACSL1",2,"blue"
"BCL2L1",1,"turquoise"
"IFI6",8,"pink"
"RPL9",2,"blue"
"YY1",2,"blue"
"PTGS2",6,"red"
"ITM2B",2,"blue"
"SAMSN1",2,"blue"
"GIMAP2",2,"blue"
"ITM2A",2,"blue"
"LTF",1,"turquoise"
"TMOD1",1,"turquoise"
"RPL7",2,"blue"
"KIAA1751",2,"blue"
"AGTPBP1",2,"blue"
"MX1",8,"pink"
"IFI44",8,"pink"
"CEACAM6",1,"turquoise"
"PIK3AP1",2,"blue"
"PF4V1",1,"turquoise"
"THBS1",1,"turquoise"
"HERC5",8,"pink"
"NRGN",1,"turquoise"
"GZMH",1,"turquoise"
"ACTR3",2,"blue"
"ZNF669",2,"blue"
"NACAP1",2,"blue"
"LYZ",2,"blue"
"CHURC1",1,"turquoise"
"SSTR2",2,"blue"
"GNLY",4,"yellow"
"XRN2",2,"blue"
"SLC5A8",2,"blue"
"IFIT3",8,"pink"
"IGF2BP2",1,"turquoise"
"PPP1R15B",2,"blue"
"EPSTI1",8,"pink"
"HIAT1",2,"blue"
"NLRP8",2,"blue"
"CA4",3,"brown"
"DENR",2,"blue"
"CTSG",1,"turquoise"
"SLC35E1",2,"blue"
"CCR7",4,"yellow"
"GSTM2",0,"grey"
"GNA13",2,"blue"
"ANXA3",2,"blue"
"HLA-DQB1",0,"grey"
"PLA2G2D",2,"blue"
"OLR1",1,"turquoise"
"KLRF1",2,"blue"
"SLC6A8",1,"turquoise"
"VPREB3",4,"yellow"
"PMAIP1",2,"blue"
"MCEMP1",3,"brown"
"ALPL",3,"brown"
"PGLYRP1",3,"brown"
"HBE1",2,"blue"
"HSPE1",2,"blue"
"AZU1",1,"turquoise"
"RPS23",6,"red"
"PLEK2",1,"turquoise"
"CCBE1",2,"blue"
"PVALB",1,"turquoise"
"IL18RAP",3,"brown"
"HERPUD2",2,"blue"
"ETS1",2,"blue"
"TCN1",1,"turquoise"
"METTL7A",2,"blue"
"E2F2",1,"turquoise"
"MS4A3",0,"grey"
"GZMK",4,"yellow"
"HSPA1A",2,"blue"
"TSPAN5",1,"turquoise"
"GNG11",1,"turquoise"
"PSMC6",2,"blue"
"FECH",1,"turquoise"
"SESN3",1,"turquoise"
"KIAA1033",2,"blue"
"RPL31",1,"turquoise"
"HBQ1",1,"turquoise"
"VWCE",1,"turquoise"
"IFIT2",8,"pink"
"MCTS1",2,"blue"
"NUBPL",2,"blue"
"C4BPA",0,"grey"
"HDC",1,"turquoise"
"PAPSS1",2,"blue"
"GIMAP1",2,"blue"
"MPP1",1,"turquoise"
"SLBP",2,"blue"
"KIAA1324",3,"brown"
"HECA",2,"blue"
"CD24",0,"grey"
"FFAR2",3,"brown"
"GPR1",2,"blue"
"LSM5",2,"blue"
"RAP1B",2,"blue"
"IL10",2,"blue"
"DOPEY2",2,"blue"
"IGFBP1",2,"blue"
"ANKRD9",1,"turquoise"
"GLRX5",1,"turquoise"
"PTGES3",2,"blue"
"PRKAR1A",2,"blue"
"CLEC1B",1,"turquoise"
"TPST1",3,"brown"
"FKBP5",3,"brown"
"RPL21",2,"blue"
"IL1B",3,"brown"
"SNHG5",0,"grey"
"MPO",1,"turquoise"
"CHPT1",2,"blue"
"CD8A",1,"turquoise"
"RGS18",6,"red"
"FLI1",2,"blue"
"ATP11B",2,"blue"
"RPS3A",1,"turquoise"
"TXNL1",2,"blue"
"RAB3IL1",1,"turquoise"
"GPR56",1,"turquoise"
"TSNAX",2,"blue"
"PI3",8,"pink"
"DMC1",2,"blue"
"DPM2",1,"turquoise"
"ECHDC3",3,"brown"
"GSTM1",0,"grey"
"RNASE2",0,"grey"
"ITGA2B",1,"turquoise"
"CD302",2,"blue"
"DYSF",3,"brown"
"PADI4",3,"brown"
"SNX10",2,"blue"
"ZNF683",1,"turquoise"
"GPBP1L1",2,"blue"
"USP8",2,"blue"
"ISG15",8,"pink"
"HP",3,"brown"
"PDK4",2,"blue"
"SH3BGRL2",1,"turquoise"
"LY6E",8,"pink"
"ACRBP",1,"turquoise"
"LSM6",2,"blue"
"UFM1",2,"blue"
"WSB2",2,"blue"
"NELL2",4,"yellow"
"COMMD8",2,"blue"
"SLC7A5",1,"turquoise"
"HK2",2,"blue"
"MBD4",2,"blue"
"ASCC2",1,"turquoise"
"LY75",2,"blue"
"PFKFB3",3,"brown"
"SKAP2",2,"blue"
"IRF5",1,"turquoise"
"BPI",1,"turquoise"
"CD69",1,"turquoise"
"KPNA2",2,"blue"
"AQP10",1,"turquoise"
"BSG",1,"turquoise"
"RNF10",1,"turquoise"
"COX7B",1,"turquoise"
"ADM",3,"brown"
"SYAP1",2,"blue"
"F13A1",1,"turquoise"
"CRISPLD2",3,"brown"
"CARM1",1,"turquoise"
"RETN",1,"turquoise"
"MYL4",1,"turquoise"
"EIF2AK4",2,"blue"
"MEGF9",2,"blue"
"FBXO7",1,"turquoise"
"SMOX",1,"turquoise"
"GSPT1",1,"turquoise"
"BEX1",1,"turquoise"
"SBDS",2,"blue"
"IKBKB",2,"blue"
"GRINA",1,"turquoise"
"IL18R1",3,"brown"
"ADIPOR1",1,"turquoise"
"ECHDC1",2,"blue"
"MT2A",2,"blue"
"CD79A",4,"yellow"
"BPGM",1,"turquoise"
"HES4",8,"pink"
"TANK",2,"blue"
"PPP3CA",2,"blue"
"CDKN1B",2,"blue"
"CAMK1G",2,"blue"
"ZNF557",2,"blue"
"ALDH1A1",2,"blue"
"DUSP1",3,"brown"
"TOPORS",2,"blue"
"MAL",4,"yellow"
"PROS1",1,"turquoise"
"CD19",4,"yellow"
"FCGR1B",4,"yellow"
"KBTBD7",2,"blue"
"CHST13",3,"brown"
"IL7R",4,"yellow"
"ID2",2,"blue"
"GPR65",2,"blue"
"LILRA3",3,"brown"
"CD48",1,"turquoise"
"KIR2DL1",2,"blue"
"ROPN1B",1,"turquoise"
"TSPAN2",2,"blue"
"ERGIC2",2,"blue"
"FKBP14",2,"blue"
"RABGEF1",2,"blue"
"KLHL2",2,"blue"
"KCNJ2",3,"brown"
"EID2B",2,"blue"
"NFE2",1,"turquoise"
"DDX17",1,"turquoise"
"CYP1B1",2,"blue"
"PDCD4",2,"blue"
"HIST1H4H",1,"turquoise"
"ANKRD22",3,"brown"
"MMP8",1,"turquoise"
"USP6",2,"blue"
"PPP1R15A",3,"brown"
"ZBTB11",2,"blue"
"SLC25A37",1,"turquoise"
"ZNF600",2,"blue"
"PYGL",2,"blue"
"TESC",1,"turquoise"
"NFIL3",2,"blue"
"HAGH",1,"turquoise"
"TMEM156",2,"blue"
"SIAH2",1,"turquoise"
"BIN2",2,"blue"
"XRCC2",2,"blue"
"ALPP",2,"blue"
"ATP6V0C",1,"turquoise"
"ABCA1",3,"brown"
"FOS",3,"brown"
"CD6",4,"yellow"
"GZMA",1,"turquoise"
"LILRA5",3,"brown"
"IQGAP1",2,"blue"
"CDC34",1,"turquoise"
"SIGLEC5",3,"brown"
"N4BP2",2,"blue"
"NAPSB",4,"yellow"
"ARFGEF1",2,"blue"
"ALOX12",1,"turquoise"
"CDA",3,"brown"
"NFIX",1,"turquoise"
"LEF1",4,"yellow"
"MKRN1",1,"turquoise"
"GZMB",0,"grey"
"UCP2",0,"grey"
"CNBP",2,"blue"
"HINT1",5,"green"
"HHEX",2,"blue"
"EIF4E",2,"blue"
"FAIM3",4,"yellow"
"RTF1",2,"blue"
"VNN1",3,"brown"
"ITLN1",1,"turquoise"
"SACM1L",2,"blue"
"NOL10",2,"blue"
"GALNT3",2,"blue"
"TFF3",1,"turquoise"
"NKG7",4,"yellow"
"PRKY",2,"blue"
"GYPC",1,"turquoise"
"SELT",2,"blue"
"LDHB",1,"turquoise"
"GUK1",1,"turquoise"
"TOP1P2",2,"blue"
"RHOB",2,"blue"
"KLF1",1,"turquoise"
"CLK1",2,"blue"
"SIPA1L2",3,"brown"
"BANK1",1,"turquoise"
"TREML1",1,"turquoise"
"CPA3",1,"turquoise"
"IRS2",3,"brown"
"WSB1",2,"blue"
"MEFV",2,"blue"
"GBP5",8,"pink"
"FCGR2C",2,"blue"
"OASL",8,"pink"
"CFD",0,"grey"
"GBP1",1,"turquoise"
"HIST2H2AA3",3,"brown"
"SAP30",2,"blue"
"ADI1",2,"blue"
"CLIC3",4,"yellow"
"GPBP1",2,"blue"
"HEMGN",1,"turquoise"
"PROK2",3,"brown"
"NKX3-1",0,"grey"
"TSPAN9",1,"turquoise"
"ITGB3",1,"turquoise"
"AKR1C3",4,"yellow"
"ST6GALNAC4",1,"turquoise"
"TMEM128",2,"blue"
"CTR9",2,"blue"
"ACTN1",3,"brown"
"RAB2B",1,"turquoise"
"F3",1,"turquoise"
"RAB6A",2,"blue"
"TNFSF10",8,"pink"
"SLPI",4,"yellow"
"IER3",2,"blue"
"LCOR",2,"blue"
"HIGD1A",2,"blue"
"GNG10",6,"red"
"TMEM86B",1,"turquoise"
"GPR146",1,"turquoise"
"DDIT4",0,"grey"
"LGALS2",2,"blue"
"RNF149",2,"blue"
"MCOLN1",1,"turquoise"
"SLC2A14",2,"blue"
"MED25",1,"turquoise"
"CD52",5,"green"
"MMD",0,"grey"
"LRG1",3,"brown"
"RPL17",5,"green"
"TMEM106B",2,"blue"
"XAF1",8,"pink"
"TNFRSF17",0,"grey"
"LAIR2",0,"grey"
"RBBP4",2,"blue"
"EIF2AK2",3,"brown"
"ADRA2C",2,"blue"
"RPS15A",5,"green"
"FCGR1A",4,"yellow"
"MANSC1",3,"brown"
"PKN2",2,"blue"
"CD3G",2,"blue"
"RPL27",5,"green"
"PTCRA",1,"turquoise"
"SLC11A1",3,"brown"
"KLRB1",5,"green"
"CKAP4",3,"brown"
"HEBP2",2,"blue"
"UBE2O",1,"turquoise"
"SAR1A",2,"blue"
"SOD2",3,"brown"
"IRAK3",3,"brown"
"PRRG4",2,"blue"
"PTGDS",2,"blue"
"CPVL",0,"grey"
"HIST1H1C",2,"blue"
"PRF1",1,"turquoise"
"MYC",2,"blue"
"MAK",2,"blue"
"PASK",2,"blue"
"RASGRP1",1,"turquoise"
"CD3D",4,"yellow"
"MYADM",5,"green"
"STXBP2",1,"turquoise"
"PHOSPHO1",1,"turquoise"
"GDPD1",2,"blue"
"PLAUR",3,"brown"
"EMR3",3,"brown"
"G0S2",1,"turquoise"
"HIF1A",2,"blue"
"LYPLA1",2,"blue"
"IGF2R",3,"brown"
"MOSPD2",2,"blue"
"SLC38A2",2,"blue"
"FAM126B",2,"blue"
"PARP9",2,"blue"
"ZNF577",2,"blue"
"CX3CR1",1,"turquoise"
"SPI1",0,"grey"
"BASP1",3,"brown"
"NCF2",2,"blue"
"TGFBR3",1,"turquoise"
"B3GNT5",2,"blue"
"NINJ2",1,"turquoise"
"RNPC3",2,"blue"
"CNIH4",2,"blue"
"CXCL5",1,"turquoise"
"CD3E",4,"yellow"
"F2RL1",2,"blue"
"PPM1K",2,"blue"
"VWF",1,"turquoise"
"ALG11",2,"blue"
"GTF2H1",2,"blue"
"EREG",1,"turquoise"
"TSTA3",1,"turquoise"
"C5AR1",3,"brown"
"DDX51",2,"blue"
"AQP9",3,"brown"
"OAS1",8,"pink"
"H2BFS",1,"turquoise"
"ITGB5",1,"turquoise"
"FRG1",2,"blue"
"SELPLG",0,"grey"
"ZFAND6",2,"blue"
"HDAC4",2,"blue"
"IL2RB",1,"turquoise"
"CD74",0,"grey"
"DAAM2",3,"brown"
"NCF1",1,"turquoise"
"PCYOX1",2,"blue"
"S100A11",2,"blue"
"TAOK1",3,"brown"
"MARCKS",3,"brown"
"RPN2",2,"blue"
"TP53INP1",2,"blue"
"CXCL3",1,"turquoise"
"SP4",2,"blue"
"FKBP3",2,"blue"
"YIPF4",2,"blue"
"GJB2",1,"turquoise"
"LRRC25",1,"turquoise"
"ANKRD44",2,"blue"
"CCL3",1,"turquoise"
"PTGER4",1,"turquoise"
"TXNDC9",2,"blue"
"TSPAN33",1,"turquoise"
"SELL",3,"brown"
"PTPRCAP",1,"turquoise"
"DGAT2",2,"blue"
"SPOCK2",4,"yellow"
"HMBS",1,"turquoise"
"RPL5",1,"turquoise"
"CD36",4,"yellow"
"CD160",1,"turquoise"
"MS4A7",1,"turquoise"
"CTDSPL",1,"turquoise"
"H1F0",0,"grey"
"RPL37A",2,"blue"
"CNGB1",2,"blue"
"HIST2H2BE",3,"brown"
"CD55",2,"blue"
"PHF3",2,"blue"
"PANX2",3,"brown"
"ICOS",4,"yellow"
"TAGLN2",1,"turquoise"
"SPCS2",2,"blue"
"CTSW",1,"turquoise"
"FKBP8",7,"black"
"TIMP1",2,"blue"
"HIST1H2AC",3,"brown"
"CMTM5",1,"turquoise"
"ZNF467",3,"brown"
"RPS6",1,"turquoise"
"CMTM2",3,"brown"
"PPP1R12A",2,"blue"
"KIAA0408",2,"blue"
"CLEC4E",3,"brown"
"HPS1",1,"turquoise"
"CTNNAL1",1,"turquoise"
"DYNC1LI1",2,"blue"
"PPIG",2,"blue"
"G6PC",2,"blue"
"ITK",4,"yellow"
"PTMS",1,"turquoise"
"ANPEP",3,"brown"
"SPATA13",0,"grey"
"FBXO30",2,"blue"
"CLEC4D",3,"brown"
"SLC2A3",3,"brown"
"LMNB1",3,"brown"
"ARRDC4",2,"blue"
"GNL3L",0,"grey"
"BAZ2B",6,"red"
"IGLL1",0,"grey"
"HSCB",2,"blue"
"TMEM123",1,"turquoise"
"CD79B",4,"yellow"
"TRIM22",8,"pink"
"USP10",3,"brown"
"IL6",1,"turquoise"
"CD247",4,"yellow"
"HSH2D",2,"blue"
"ROPN1L",3,"brown"
"HMGB1",2,"blue"
"JUNB",0,"grey"
"CXCL16",3,"brown"
"EEF1B2",5,"green"
"RRM2B",2,"blue"
"GNB4",2,"blue"
"GPR97",3,"brown"
"CD2",4,"yellow"
"USP9Y",2,"blue"
"LRRN3",4,"yellow"
"HLA-C",0,"grey"
"SORL1",3,"brown"
"FAM63A",2,"blue"
"FAM103A1",2,"blue"
"CPD",6,"red"
"MAFB",4,"yellow"
"TRAK2",1,"turquoise"
"GPR84",1,"turquoise"
"FCHO2",2,"blue"
"HLA-DOB",4,"yellow"
"CST7",2,"blue"
"FAM101B",1,"turquoise"
"RNASE6",4,"yellow"
"NXT2",2,"blue"
"FAM53C",3,"brown"
"F5",3,"brown"
"DNAJA4",1,"turquoise"
"MTMR6",2,"blue"
"RPL39",1,"turquoise"
"CCNH",2,"blue"
"TLR5",3,"brown"
"CXCL1",2,"blue"
"PTPRC",1,"turquoise"
"TBC1D10B",5,"green"
"B4GALT5",3,"brown"
"PNPLA8",2,"blue"
"SRP9",1,"turquoise"
"ATP1B3",2,"blue"
"ESAM",1,"turquoise"
"KEL",1,"turquoise"
"BTN3A2",1,"turquoise"
"SAMD9L",8,"pink"
"RIOK3",1,"turquoise"
"SPARC",1,"turquoise"
"ATXN1",2,"blue"
"IDI1",2,"blue"
"TRIM10",1,"turquoise"
"LMO2",2,"blue"
"IL1A",1,"turquoise"
"PGD",3,"brown"
"PPP2R3C",2,"blue"
"EIF2AK1",1,"turquoise"
"EGR1",1,"turquoise"
"RPL13A",5,"green"
"NAP1L1",2,"blue"
"WARS",1,"turquoise"
"ID3",4,"yellow"
"ANKRD33",2,"blue"
"DUSP11",2,"blue"
"USMG5",0,"grey"
"NR4A3",1,"turquoise"
"GATA1",1,"turquoise"
"NR4A2",1,"turquoise"
"FAM104A",1,"turquoise"
"SLC22A4",3,"brown"
"MPL",1,"turquoise"
"PTX3",1,"turquoise"
"MAP3K2",2,"blue"
"CTTN",1,"turquoise"
"IER3IP1",2,"blue"
"GZMM",4,"yellow"
"CYP27A1",3,"brown"
"PHLDB1",1,"turquoise"
"RBM12B",0,"grey"
"CA2",1,"turquoise"
"CAPZA2",6,"red"
"GADD45A",4,"yellow"
"CBS",4,"yellow"
"MBNL2",2,"blue"
"RGPD1",2,"blue"
"MXD1",3,"brown"
"OSM",3,"brown"
"HAL",3,"brown"
"BEX2",4,"yellow"
"NLRP3",2,"blue"
"CD7",4,"yellow"
"IFNB1",1,"turquoise"
"EHD1",3,"brown"
"CD163",4,"yellow"
"UTS2",1,"turquoise"
"DNTTIP2",2,"blue"
"TIMM10",0,"grey"
"FAM8A1",2,"blue"
"ALG13",2,"blue"
"ZFY",2,"blue"
"TGM3",3,"brown"
"ODC1",1,"turquoise"
"SH2D1B",4,"yellow"
"SNAP23",2,"blue"
"GPR160",6,"red"
"PIK3CG",2,"blue"
"LIN7C",2,"blue"
"RGS2",3,"brown"
"IL1R2",3,"brown"
"LMOD3",2,"blue"
"BLZF1",2,"blue"
"NT5M",1,"turquoise"
"IL32",4,"yellow"
"CCL5",4,"yellow"
"HK3",3,"brown"
"MRVI1",1,"turquoise"
"HLA-DRB6",2,"blue"
"PRTN3",1,"turquoise"
"RNF24",3,"brown"
"ABHD5",3,"brown"
"LRP10",5,"green"
"HIST1H2AE",1,"turquoise"
"SEMA4A",3,"brown"
"OSBPL11",2,"blue"
"GABARAPL1",3,"brown"
"CDKN1A",1,"turquoise"
"ZBTB16",1,"turquoise"
"ENC1",0,"grey"
"ECHDC2",4,"yellow"
"PLK2",1,"turquoise"
"EOMES",4,"yellow"
"CEBPD",3,"brown"
"STAT1",8,"pink"
"DUSP6",2,"blue"
"CABP5",1,"turquoise"
"CRYZ",1,"turquoise"
"GSTT1",2,"blue"
"PFDN5",0,"grey"
"DUSP4",1,"turquoise"
"KIR2DL3",0,"grey"
"RBP7",6,"red"
"EVL",4,"yellow"
"MSRB2",3,"brown"
"CRIP1",4,"yellow"
"UBLCP1",2,"blue"
"CXCL2",1,"turquoise"
"TATDN1",2,"blue"
"CES3",1,"turquoise"
"PGM5",1,"turquoise"
"ZNF91",2,"blue"
"LAP3",8,"pink"
"IL1RN",3,"brown"
"KRT23",3,"brown"
"NCOA1",2,"blue"
"PELI1",6,"red"
"MCFD2",2,"blue"
"DEK",1,"turquoise"
"SLC1A5",1,"turquoise"
"NDUFA5",2,"blue"
"STAT4",4,"yellow"
"TRIM25",3,"brown"
"TLN1",3,"brown"
"UBE4A",2,"blue"
"CD83",2,"blue"
"WNK1",1,"turquoise"
"LYL1",1,"turquoise"
"GPR18",4,"yellow"
"SPAST",2,"blue"
"HIST1H2BD",3,"brown"
"TPM1",1,"turquoise"
"GCLM",2,"blue"
"EIF4A2",5,"green"
"P2RY13",2,"blue"
"RPL35A",5,"green"
"PLGLB1",2,"blue"
"ITPR3",4,"yellow"
"KLF4",2,"blue"
"TNFAIP6",1,"turquoise"
"CYBRD1",6,"red"
"LRRFIP1",2,"blue"
"PSG9",2,"blue"
"ASGR1",0,"grey"
"FAU",5,"green"
"ELOVL5",2,"blue"
"MAF1",1,"turquoise"
"GRN",3,"brown"
"BCL3",0,"grey"
"NFXL1",1,"turquoise"
"EAF1",2,"blue"
"PTGS1",1,"turquoise"
"CCNG2",1,"turquoise"
"TFDP1",3,"brown"
"ETS2",3,"brown"
"IFIH1",8,"pink"
"KIR3DL1",0,"grey"
"SLC40A1",6,"red"
"DPYD",2,"blue"
"SCO2",8,"pink"
"PARP12",8,"pink"
"TMEM154",2,"blue"
"TLR2",3,"brown"
"CKS2",1,"turquoise"
"CMTM8",2,"blue"
"HYPK",2,"blue"
"NBPF20",2,"blue"
"TREM1",3,"brown"
"MBP",1,"turquoise"
"CST3",0,"grey"
"HSPB1",2,"blue"
"RPL7A",2,"blue"
"MYBPC3",3,"brown"
"PLOD1",3,"brown"
"SEC23A",2,"blue"
"FCER2",4,"yellow"
"CLDN5",1,"turquoise"
"CCRL2",1,"turquoise"
"OSBPL8",2,"blue"
"OMA1",2,"blue"
"SHKBP1",1,"turquoise"
"HLA-DOA",4,"yellow"
"MFN2",3,"brown"
"ZNF652",2,"blue"
"FAM98A",2,"blue"
"KLHL8",3,"brown"
"TNFSF15",2,"blue"
"FCGR2A",3,"brown"
"RRAGD",3,"brown"
"FLT3LG",4,"yellow"
"ABCC3",1,"turquoise"
"STK17B",2,"blue"
"SIRPB1",3,"brown"
"TTC25",1,"turquoise"
"GCA",3,"brown"
"FOSB",1,"turquoise"
"NFYB",2,"blue"
"YPEL3",5,"green"
"FPR1",3,"brown"
"TRPM6",3,"brown"
"PNMA3",1,"turquoise"
"AP2M1",1,"turquoise"
"TP53INP2",3,"brown"
"XPO7",1,"turquoise"
"MFGE8",7,"black"
"HCG27",3,"brown"
"TMEM91",3,"brown"
"BCL6",3,"brown"
"STX11",3,"brown"
"P2RX1",3,"brown"
"NR1D1",1,"turquoise"
"CREG1",1,"turquoise"
"CD96",4,"yellow"
"PRDX2",1,"turquoise"
"STX7",2,"blue"
"PCNX",3,"brown"
"MBOAT2",2,"blue"
"MCOLN2",1,"turquoise"
"CTSZ",3,"brown"
"SLFN11",2,"blue"
"ARPC5",2,"blue"
"PLXNC1",3,"brown"
"ARL5A",1,"turquoise"
"UQCRC2",2,"blue"
"ATP9A",3,"brown"
"TMEM55A",6,"red"
"CPEB4",3,"brown"
"PCNP",1,"turquoise"
"VTI1B",2,"blue"
"FES",3,"brown"
"BCAS2",2,"blue"
"RPS4X",5,"green"
"LIME1",4,"yellow"
"MTF2",2,"blue"
"TNNC2",1,"turquoise"
"CH25H",1,"turquoise"
"SERPINB2",1,"turquoise"
"ALDH2",4,"yellow"
"BIRC3",1,"turquoise"
"PPA1",5,"green"
"SAMD14",1,"turquoise"
"TARP",1,"turquoise"
"ASGR2",4,"yellow"
"G6PD",1,"turquoise"
"CDC25B",4,"yellow"
"NDST1",3,"brown"
"FIS1",1,"turquoise"
"PGRMC1",0,"grey"
"OXR1",6,"red"
"DSC2",4,"yellow"
"DAPP1",2,"blue"
"SRXN1",1,"turquoise"
"ANKRD20A1",0,"grey"
"HLA-F",2,"blue"
"SH3YL1",2,"blue"
"SORT1",3,"brown"
"TPP1",3,"brown"
"CES1",0,"grey"
"PNPLA2",1,"turquoise"
"MTDH",2,"blue"
"CD58",6,"red"
"SNRK",6,"red"
"PACS1",0,"grey"
"NQO2",4,"yellow"
"SLC31A2",3,"brown"
"MGRN1",1,"turquoise"
"SDCBP",3,"brown"
"UBE2D1",2,"blue"
"SH2D1A",1,"turquoise"
"ZNF430",2,"blue"
"MAP3K8",6,"red"
"MX2",3,"brown"
"HECW2",3,"brown"
"TMEM45B",1,"turquoise"
"TLR4",3,"brown"
"PARK7",0,"grey"
"IRF2",2,"blue"
"COG3",2,"blue"
"DHRS9",3,"brown"
"CASC3",1,"turquoise"
"AES",4,"yellow"
"MRPL15",2,"blue"
"ARID3A",3,"brown"
"SEMA3E",2,"blue"
"TNFRSF4",2,"blue"
"EXOC8",2,"blue"
"PPM1F",3,"brown"
"ZDHHC19",1,"turquoise"
"VNN2",3,"brown"
"PTGDR",4,"yellow"
"LILRA2",3,"brown"
"SRPK1",3,"brown"
"SEC14L1",1,"turquoise"
"CXCL10",2,"blue"
"BIN1",4,"yellow"
"CLEC7A",0,"grey"
"CRIP2",2,"blue"
"TNFRSF1A",3,"brown"
"PLA1A",1,"turquoise"
"SLAMF6",4,"yellow"
"WRB",2,"blue"
"BIRC2",6,"red"
"MBNL3",5,"green"
"ELOVL7",1,"turquoise"
"CREM",2,"blue"
"PSTPIP2",2,"blue"
"HMGN2",2,"blue"
"TNFSF4",1,"turquoise"
"RBPMS2",1,"turquoise"
"SLC38A5",1,"turquoise"
"FAM63B",2,"blue"
"SDHD",1,"turquoise"
"TREML2",3,"brown"
"PIGX",2,"blue"
"SLC43A2",3,"brown"
"ANG",0,"grey"
"NINJ1",3,"brown"
"NDUFAB1",1,"turquoise"
"ERGIC1",3,"brown"
"SMARCA5",2,"blue"
"CXCR4",2,"blue"
"PRR5",1,"turquoise"
"PXN",2,"blue"
"SHFM1",5,"green"
"EVI2A",0,"grey"
"PAM",6,"red"
"RBMXL1",2,"blue"
"TRIB2",4,"yellow"
"ARL16",2,"blue"
"RBM34",2,"blue"
"HIST1H2BC",2,"blue"
"TLR7",0,"grey"
"PPP3R1",3,"brown"
"NOTCH1",3,"brown"
"GLRX",0,"grey"
"ALG5",1,"turquoise"
"PHACTR1",1,"turquoise"
"HPSE",2,"blue"
"DR1",1,"turquoise"
"CARHSP1",1,"turquoise"
"FZD7",1,"turquoise"
"RAD23A",1,"turquoise"
"EMILIN2",4,"yellow"
"SYNJ2BP",2,"blue"
"GRAMD1A",3,"brown"
"RAB8B",2,"blue"
"AXIN2",4,"yellow"
"FBXO38",2,"blue"
"CORO1C",4,"yellow"
"JAM3",1,"turquoise"
"ZBTB44",2,"blue"
"DPYSL2",0,"grey"
"PCMTD1",6,"red"
"PRKAR2B",2,"blue"
"RHD",1,"turquoise"
"PFKFB4",3,"brown"
"MAPK8IP1",1,"turquoise"
"PLEKHF1",4,"yellow"
"ZNF641",3,"brown"
"HDGF",1,"turquoise"
"LYAR",1,"turquoise"
"TMED7",2,"blue"
"TMEM126B",1,"turquoise"
"GNG2",1,"turquoise"
"ESPN",1,"turquoise"
"NCF4",3,"brown"
"ADH4",2,"blue"
"TMEM14B",1,"turquoise"
"AFMID",1,"turquoise"
"GNS",3,"brown"
"ATHL1",3,"brown"
"FAM83F",5,"green"
"WBP2",1,"turquoise"
"DUSP5",3,"brown"
"SUMO1",2,"blue"
"NME4",1,"turquoise"
"TRIB1",3,"brown"
"CCR1",8,"pink"
"RPIA",1,"turquoise"
"MYL9",1,"turquoise"
"BANF1",2,"blue"
"HLA-DMB",5,"green"
"SMNDC1",2,"blue"
"MYH9",3,"brown"
"HLA-DMA",7,"black"
"C1QB",1,"turquoise"
"GFI1B",1,"turquoise"
"TSC22D3",1,"turquoise"
"GBP4",8,"pink"
"PEBP1",1,"turquoise"
"GBP3",2,"blue"
"VNN3",3,"brown"
"TRIP12",2,"blue"
"TOB1",2,"blue"
"COMMD6",5,"green"
"SSH2",3,"brown"
"MSN",3,"brown"
"LEMD3",1,"turquoise"
"CNTNAP2",2,"blue"
"PIM1",1,"turquoise"
"ITGAM",3,"brown"
"GSK3B",3,"brown"
"HMOX1",4,"yellow"
"RPS24",0,"grey"
"SMC3",2,"blue"
"BTG2",2,"blue"
"TLR8",3,"brown"
"MARCO",1,"turquoise"
"TNFSF13B",2,"blue"
"CHSY1",2,"blue"
"CYP51A1",2,"blue"
"CD8B",2,"blue"
"CCL20",1,"turquoise"
"STAT2",8,"pink"
"TRAM1",1,"turquoise"
"CECR6",3,"brown"
"SOCS2",4,"yellow"
"NOV",3,"brown"
"OSCAR",3,"brown"
"ARHGDIA",0,"grey"
"ZBP1",8,"pink"
"TMED5",6,"red"
"FHIT",0,"grey"
"LRCH4",3,"brown"
"KCNJ15",3,"brown"
"EEF1G",3,"brown"
"CSF1R",0,"grey"
"HIP1",1,"turquoise"
"NDUFA4",1,"turquoise"
"OPTN",0,"grey"
"LIPA",0,"grey"
"CASP5",1,"turquoise"
"SLC2A5",1,"turquoise"
"CDC42SE1",3,"brown"
"SLC39A8",2,"blue"
"SIGLEC10",4,"yellow"
"KLHDC8B",1,"turquoise"
"MT1X",2,"blue"
"R3HDM1",2,"blue"
"RMI1",2,"blue"
"TMCC2",1,"turquoise"
"ADAM17",2,"blue"
"S100A10",0,"grey"
"RPS21",5,"green"
"GPX3",1,"turquoise"
"ITGB7",4,"yellow"
"PLEKHA1",4,"yellow"
"RPS10",5,"green"
"IL13RA1",3,"brown"
"EDEM3",2,"blue"
"KIAA1147",4,"yellow"
"HCLS1",3,"brown"
"YBX1",0,"grey"
"HCCS",2,"blue"
"PIK3R2",2,"blue"
"TMEM71",3,"brown"
"C1GALT1",2,"blue"
"BDKRB1",1,"turquoise"
"DNAJB2",1,"turquoise"
"AP1S2",1,"turquoise"
"ANKRD55",1,"turquoise"
"PRKCH",4,"yellow"
"NPL",3,"brown"
"RPS5",5,"green"
"REPS2",3,"brown"
"CD46",6,"red"
"PAQR8",4,"yellow"
"IFNGR1",6,"red"
"RNF123",1,"turquoise"
"NT5C2",2,"blue"
"CEACAM3",3,"brown"
"TBC1D22B",1,"turquoise"
"KIAA1598",2,"blue"
"CCR2",1,"turquoise"
"LRRK2",3,"brown"
"CRISP3",1,"turquoise"
"MYBPH",1,"turquoise"
"MID1IP1",2,"blue"
"ADRB2",1,"turquoise"
"CDKN1C",1,"turquoise"
"DMXL1",2,"blue"
"ITPK1",3,"brown"
"PTPLB",1,"turquoise"
"FBL",5,"green"
"OSR2",1,"turquoise"
"EMR2",3,"brown"
"RPS17",5,"green"
"TXN",3,"brown"
"C1D",2,"blue"
"ALPK1",3,"brown"
"BLK",4,"yellow"
"HEBP1",1,"turquoise"
"KIR3DL3",1,"turquoise"
"POMZP3",1,"turquoise"
"HOXA5",1,"turquoise"
"SPIB",3,"brown"
"FURIN",1,"turquoise"
"RPS14",5,"green"
"CLEC5A",1,"turquoise"
"AMFR",1,"turquoise"
"ZNF146",1,"turquoise"
"SNRPF",5,"green"
"NFKBIZ",3,"brown"
"VIM",4,"yellow"
"LGALS9",1,"turquoise"
"CLIP1",2,"blue"
"TGFBI",0,"grey"
"ALDH5A1",1,"turquoise"
"EPB41L3",5,"green"
"ANKDD1A",0,"grey"
"HIST1H2BK",1,"turquoise"
"RBBP7",2,"blue"
"PTPN12",6,"red"
"PRSS33",0,"grey"
"STAMBPL1",4,"yellow"
"CCDC91",2,"blue"
"TCL1A",2,"blue"
"TCEA3",4,"yellow"
"EGR2",1,"turquoise"
"ZNF394",2,"blue"
"EIF1AX",2,"blue"
"PPP4R1",3,"brown"
"SERPINE2",1,"turquoise"
"FCAR",3,"brown"
"CTSS",2,"blue"
"LTB",4,"yellow"
"MMRN1",1,"turquoise"
"NOL8",2,"blue"
"TNFRSF10C",1,"turquoise"
"CKAP2",2,"blue"
"GABARAP",2,"blue"
"ID1",1,"turquoise"
"CD14",3,"brown"
"CSNK1G2",2,"blue"
"CCR3",1,"turquoise"
"CYBB",2,"blue"
"JUN",1,"turquoise"
"RPL4",5,"green"
"RPSA",2,"blue"
"MMP25",3,"brown"
"TMEM14C",5,"green"
"SLC22A15",3,"brown"
"JAZF1",2,"blue"
"ABHD3",1,"turquoise"
"DAPK2",1,"turquoise"
"TNFRSF1B",2,"blue"
"TSC22D2",2,"blue"
"SIDT2",0,"grey"
"IMPA2",3,"brown"
"FOXC1",1,"turquoise"
"TDRD1",2,"blue"
"DAB2",1,"turquoise"
"FRAT2",3,"brown"
"CCL2",1,"turquoise"
"PPP2R5A",3,"brown"
"BCAS4",4,"yellow"
"SF1",1,"turquoise"
"TLE3",1,"turquoise"
"NUCB1",1,"turquoise"
"TSPAN13",2,"blue"
"CR1",3,"brown"
"MS4A6A",6,"red"
"ABLIM3",1,"turquoise"
"UHMK1",2,"blue"
"KYNU",4,"yellow"
"CD5",4,"yellow"
"IBTK",2,"blue"
"CTAG2",1,"turquoise"
"GPSM3",0,"grey"
"NCR3",4,"yellow"
"RHOG",1,"turquoise"
"FLOT1",1,"turquoise"
"RPL35",1,"turquoise"
"VAMP5",5,"green"
"SPC24",2,"blue"
"PGS1",3,"brown"
"OLIG2",0,"grey"
"ANXA5",2,"blue"
"DOCK10",4,"yellow"
"DOCK8",2,"blue"
"SH3GLB1",3,"brown"
"CD300LF",1,"turquoise"
"TRAT1",2,"blue"
"RASGEF1B",1,"turquoise"
"CD81",4,"yellow"
"NARS",2,"blue"
"CREB1",2,"blue"
"SCGB3A1",1,"turquoise"
"SLC4A7",1,"turquoise"
"NBPF10",2,"blue"
"CTSD",4,"yellow"
"RALB",3,"brown"
"GNA12",1,"turquoise"
"LPIN1",4,"yellow"
"MRPL13",1,"turquoise"
"TBL1X",3,"brown"
"MAOA",1,"turquoise"
"PLA2G7",0,"grey"
"TUBB2A",1,"turquoise"
"CD1D",1,"turquoise"
"OAF",2,"blue"
"SLA",3,"brown"
"CTBS",3,"brown"
"PLSCR3",7,"black"
"ZFP36",0,"grey"
"IFI16",0,"grey"
"CDC42EP2",1,"turquoise"
"TNFRSF25",4,"yellow"
"AP2A1",1,"turquoise"
"PPA2",2,"blue"
"FKBP1A",1,"turquoise"
"CEBPA",3,"brown"
"RAB32",3,"brown"
"PBX1",1,"turquoise"
"TST",3,"brown"
"CCDC23",1,"turquoise"
"FCER1G",1,"turquoise"
"NUCB2",2,"blue"
"TMEM40",1,"turquoise"
"IPP",2,"blue"
"TDRD9",4,"yellow"
"PRAM1",3,"brown"
"HLA-DPA1",1,"turquoise"
"SNRPG",5,"green"
"POLR1D",1,"turquoise"
"FBXL13",3,"brown"
"GYG1",3,"brown"
"ACTR6",1,"turquoise"
"TIPARP",6,"red"
"RAB31",3,"brown"
"RARRES3",4,"yellow"
"KRTCAP2",7,"black"
"NUMB",6,"red"
"DDIT3",6,"red"
"BTLA",4,"yellow"
"KIAA0513",3,"brown"
"SPATA20",1,"turquoise"
"TFEC",1,"turquoise"
"MICALCL",1,"turquoise"
"LAMP2",3,"brown"
"LRP3",3,"brown"
"ADA",2,"blue"
"TXNIP",2,"blue"
"ULK1",3,"brown"
"GDI2",2,"blue"
"OCIAD2",3,"brown"
"SLC15A3",3,"brown"
"BRSK1",4,"yellow"
"PRKDC",4,"yellow"
"JUND",1,"turquoise"
"ZYX",0,"grey"
"SALL3",2,"blue"
"HSDL2",2,"blue"
"NCL",1,"turquoise"
"TRAPPC5",1,"turquoise"
"HAT1",2,"blue"
"RPL34",0,"grey"
"MCTP2",3,"brown"
"RPS3",5,"green"
"VAMP8",5,"green"
"WASF2",1,"turquoise"
"TKT",3,"brown"
"SERPING1",1,"turquoise"
"LAG3",4,"yellow"
"MPPE1",3,"brown"
"ATP5L",1,"turquoise"
"PDLIM1",0,"grey"
"RNF165",4,"yellow"
"HNMT",4,"yellow"
"LOC399900",2,"blue"
"AREG",1,"turquoise"
"PF4",1,"turquoise"
"VSIG4",1,"turquoise"
"HLA-DPB1",2,"blue"
"ASF1A",5,"green"
"TBC1D9",2,"blue"
"RYBP",3,"brown"
"APBB1IP",0,"grey"
"SMA4",1,"turquoise"
"CSF2RA",3,"brown"
"NOG",1,"turquoise"
"ADAM8",3,"brown"
"SHROOM4",2,"blue"
"ATP6V1B2",3,"brown"
"CLEC2B",5,"green"
"CCDC58",2,"blue"
"GPX1",1,"turquoise"
"HIST1H2BE",2,"blue"
"CLTC",2,"blue"
"FYB",2,"blue"
"E2F3",6,"red"
"CTSO",2,"blue"
"SLC12A9",3,"brown"
"RPL10A",5,"green"
"GBP2",8,"pink"
"PTGER2",1,"turquoise"
"TKTL1",0,"grey"
"SELP",1,"turquoise"
"XBP1",1,"turquoise"
"MLF2",0,"grey"
"RGS10",1,"turquoise"
"GMFG",2,"blue"
"ITM2C",4,"yellow"
"CBL",2,"blue"
"NMI",2,"blue"
"JMJD1C",6,"red"
"SLC2A6",7,"black"
"MNDA",3,"brown"
"LILRB2",3,"brown"
"NCAPG2",1,"turquoise"
"HERC6",8,"pink"
"CAMK1",2,"blue"
"SULF2",2,"blue"
"SSBP3",1,"turquoise"
"IL27RA",1,"turquoise"
"PIGY",1,"turquoise"
"TMEM17",2,"blue"
"SYTL3",3,"brown"
"ENO1",2,"blue"
"DENND2D",4,"yellow"
"OPHN1",1,"turquoise"
"VPS37B",0,"grey"
"HOXB2",7,"black"
"PPP1R11",2,"blue"
"HIST1H2BG",1,"turquoise"
"ZNF83",1,"turquoise"
"DACT1",1,"turquoise"
"MGAM",3,"brown"
"IFNG",0,"grey"
"TBC1D4",4,"yellow"
"FAM45A",2,"blue"
"CFLAR",3,"brown"
"FGFR1OP2",2,"blue"
"TXK",4,"yellow"
"LHFPL2",4,"yellow"
"LY86",0,"grey"
"BACH2",4,"yellow"
"WASF3",1,"turquoise"
"PLSCR1",8,"pink"
"ORMDL3",2,"blue"
"FLOT2",3,"brown"
"ACTA2",3,"brown"
"NXT1",5,"green"
"G3BP1",2,"blue"
"TIAM2",1,"turquoise"
"ZFP36L2",6,"red"
"PDE4D",2,"blue"
"CEACAM1",3,"brown"
"PTPN4",1,"turquoise"
"YWHAE",7,"black"
"FGL2",3,"brown"
"CCDC59",1,"turquoise"
"RTN3",3,"brown"
"PTS",1,"turquoise"
"ALOX5AP",3,"brown"
"STK40",0,"grey"
"FNBP4",4,"yellow"
"PTGES",1,"turquoise"
"PJA2",6,"red"
"TMEM107",1,"turquoise"
"GIMAP8",1,"turquoise"
"RBM33",1,"turquoise"
"RSRC2",2,"blue"
"KIR2DS5",1,"turquoise"
"SSBP1",1,"turquoise"
"HES6",1,"turquoise"
"GNAI2",0,"grey"
"PACSIN2",3,"brown"
"LAMP3",8,"pink"
"DDX19A",2,"blue"
"ZHX2",2,"blue"
"SERPINA1",3,"brown"
"GK",3,"brown"
"NOSIP",4,"yellow"
"CD300C",7,"black"
"NRIP3",1,"turquoise"
"NLK",2,"blue"
"KLRC3",1,"turquoise"
"GHRL",2,"blue"
"ISCA1",2,"blue"
"KIAA0319L",3,"brown"
"LSM7",5,"green"
"TNF",5,"green"
"PI16",2,"blue"
"PHLDA1",1,"turquoise"
"NUP214",3,"brown"
"CRIPAK",1,"turquoise"
"SLC14A1",2,"blue"
"PEA15",1,"turquoise"
"PHGDH",1,"turquoise"
"OCIAD1",2,"blue"
"MRPL50",1,"turquoise"
"CTSB",2,"blue"
"COX7C",5,"green"
"NDUFB2",5,"green"
"TRPA1",1,"turquoise"
"CEP57",2,"blue"
"CLNS1A",5,"green"
"PAK1IP1",2,"blue"
"TICAM2",0,"grey"
"RNF138",1,"turquoise"
"ADORA2A",2,"blue"
"MIF",1,"turquoise"
"GFOD1",0,"grey"
"MTHFS",6,"red"
"IFI30",2,"blue"
"IL18",2,"blue"
"SLC16A5",3,"brown"
"CD37",0,"grey"
"RANBP10",1,"turquoise"
"RPL7L1",2,"blue"
"IFI35",8,"pink"
"ATF3",1,"turquoise"
"CDK5R1",2,"blue"
"ZNF581",2,"blue"
"GPR34",1,"turquoise"
"RFX2",1,"turquoise"
"CNOT8",2,"blue"
"NBPF9",1,"turquoise"
"RRAS",2,"blue"
"MS4A1",0,"grey"
"NUDCD2",2,"blue"
"STEAP4",6,"red"
"PA2G4",0,"grey"
"DSC1",1,"turquoise"
"KRCC1",2,"blue"
"ISG20",3,"brown"
"SH3BGRL3",1,"turquoise"
"SHOC2",2,"blue"
"SHARPIN",1,"turquoise"
"FRAT1",3,"brown"
"PHF5A",5,"green"
"CXXC5",0,"grey"
"CHST12",2,"blue"
"IFNAR1",3,"brown"
"FAM96A",1,"turquoise"
"APRT",5,"green"
"ATP6V1A",3,"brown"
"GP1BA",1,"turquoise"
"ABHD13",2,"blue"
"SH3GLB2",2,"blue"
"APOBEC3B",1,"turquoise"
"CYB5R4",2,"blue"
"ZCCHC7",1,"turquoise"
"GRAP",2,"blue"
"P2RY10",1,"turquoise"
"KLF9",1,"turquoise"
"NDUFA12",5,"green"
"ME2",2,"blue"
"SF3B4",0,"grey"
"TRIM21",3,"brown"
"MPZL1",1,"turquoise"
"TRIM56",2,"blue"
"NUDT16",1,"turquoise"
"POLB",8,"pink"
"CEBPB",3,"brown"
"ITPKB",2,"blue"
"TGFA",2,"blue"
"CDR2",4,"yellow"
"MRPL3",2,"blue"
"UBTD1",1,"turquoise"
"ZDHHC18",3,"brown"
"ZNF320",2,"blue"
"ITGAX",3,"brown"
"ALOX5",3,"brown"
"OTX1",1,"turquoise"
"GLTSCR2",4,"yellow"
"RPL22",5,"green"
"ANXA4",2,"blue"
"SLAMF1",4,"yellow"
"PSMC5",2,"blue"
"CCNL1",1,"turquoise"
"SEC24A",2,"blue"
"ATP8B4",3,"brown"
"UBE2H",5,"green"
"DNMT1",4,"yellow"
"MXI1",1,"turquoise"
"CITED2",1,"turquoise"
"PLXDC2",3,"brown"
"GPBAR1",2,"blue"
"SLC45A4",3,"brown"
"MGLL",1,"turquoise"
"RPL27A",5,"green"
"KCNK6",2,"blue"
"VIPR1",2,"blue"
"SYTL4",1,"turquoise"
"RPAIN",5,"green"
"RBX1",2,"blue"
"NFAT5",1,"turquoise"
"DCLRE1C",2,"blue"
"AZIN1",4,"yellow"
"SAMD9",8,"pink"
"SDC4",1,"turquoise"
"BUB3",2,"blue"
"TACSTD2",1,"turquoise"
"TIMP2",3,"brown"
"CBLB",1,"turquoise"
"ENOSF1",1,"turquoise"
"ZNF217",1,"turquoise"
"XAB2",0,"grey"
"EXTL3",3,"brown"
"TGFB1I1",1,"turquoise"
"LPXN",1,"turquoise"
"LTA",4,"yellow"
"GATS",3,"brown"
"FKBP11",4,"yellow"
"COL9A2",1,"turquoise"
"PPP2R5B",1,"turquoise"
"TM9SF2",2,"blue"
"CLU",1,"turquoise"
"TPRKB",2,"blue"
"RPL24",1,"turquoise"
"PLVAP",1,"turquoise"
"DOCK5",3,"brown"
"BOK",2,"blue"
"PHF23",2,"blue"
"RPL12",5,"green"
"KLRG1",2,"blue"
"TAP1",8,"pink"
"FCRL1",1,"turquoise"
"RBM7",2,"blue"
"ZNF22",1,"turquoise"
"TMEM51",1,"turquoise"
"KLC3",1,"turquoise"
"ATG3",2,"blue"
"RFK",2,"blue"
"MARCKSL1",0,"grey"
"RPH3A",1,"turquoise"
"ABTB1",3,"brown"
"IL12B",1,"turquoise"
"KLRC4",1,"turquoise"
"PPT1",2,"blue"
"USF1",2,"blue"
"TSPO",3,"brown"
"NDUFB10",2,"blue"
"LYN",3,"brown"
"FOSL1",1,"turquoise"
"ZFAND2A",5,"green"
"ARHGAP21",4,"yellow"
"CCND2",4,"yellow"
"PRSS23",2,"blue"
"ZNF653",1,"turquoise"
"ZCCHC6",3,"brown"
"CLEC4A",6,"red"
"NUDT21",2,"blue"
"MTMR11",7,"black"
"CD33",2,"blue"
"WDFY1",6,"red"
"CHRNA5",2,"blue"
"GGH",2,"blue"
"PRKRIR",1,"turquoise"
"RHOBTB1",1,"turquoise"
"YEATS4",1,"turquoise"
"MYO1G",1,"turquoise"
"CITED4",1,"turquoise"
"TSEN34",3,"brown"
"BNIP2",6,"red"
"SERTAD1",2,"blue"
"XPO6",3,"brown"
"ANKRA2",1,"turquoise"
"FH",2,"blue"
"CLK4",1,"turquoise"
"HGD",1,"turquoise"
"POLR2A",5,"green"
"GBGT1",1,"turquoise"
"ICAM3",3,"brown"
"INHBA",1,"turquoise"
"FCN1",3,"brown"
"ACTN4",0,"grey"
"CEACAM4",1,"turquoise"
"ANXA2",2,"blue"
"SMEK2",1,"turquoise"
"HLA-DRA",0,"grey"
"PIK3CA",2,"blue"
"ATP6V1G1",1,"turquoise"
"ZNF721",1,"turquoise"
"SLC45A3",1,"turquoise"
"ABLIM1",2,"blue"
"CLEC4C",1,"turquoise"
"MTMR3",3,"brown"
"C3AR1",3,"brown"
"AKAP10",2,"blue"
"IPO8",5,"green"
"FADD",3,"brown"
"RANBP1",1,"turquoise"
"TOR1AIP1",6,"red"
"E2F5",4,"yellow"
"CTNNA1",3,"brown"
"MS4A4A",1,"turquoise"
"MRPL18",1,"turquoise"
"HIST1H2BH",1,"turquoise"
"LITAF",3,"brown"
"PCSK7",4,"yellow"
"ZFPM1",0,"grey"
"PPP3CC",4,"yellow"
"ICAM1",1,"turquoise"
"TNFSF14",3,"brown"
"PREX1",3,"brown"
"TALDO1",3,"brown"
"ENTPD1",3,"brown"
"CD97",3,"brown"
"DDX24",2,"blue"
"MBD6",3,"brown"
"NSUN7",3,"brown"
"IL6R",3,"brown"
"RP2",6,"red"
"RPL23A",1,"turquoise"
"FAM65A",3,"brown"
"CD68",2,"blue"
"PPP1R16B",4,"yellow"
"MYO3B",2,"blue"
"CD72",2,"blue"
"KLHL22",7,"black"
"MPHOSPH10",2,"blue"
"SRPRB",5,"green"
"VDAC2",2,"blue"
"MT1E",0,"grey"
"VPS36",1,"turquoise"
"RNF130",2,"blue"
"UBN1",3,"brown"
"BNIP3",4,"yellow"
"CHD1",2,"blue"
"CFL2",1,"turquoise"
"CD47",1,"turquoise"
"KIF1B",3,"brown"
"TMED3",7,"black"
"TMEM88",4,"yellow"
"RGMA",2,"blue"
"UBE2Q2",1,"turquoise"
"PPCS",1,"turquoise"
"CLPTM1",1,"turquoise"
"SLC24A3",1,"turquoise"
"ZFR",1,"turquoise"
"MAN2A2",3,"brown"
"NT5DC1",2,"blue"
"TRAF3IP3",4,"yellow"
"ACADM",1,"turquoise"
"DENND3",3,"brown"
"ENTPD4",0,"grey"
"GNG7",4,"yellow"
"ETV3",5,"green"
"SLC7A7",4,"yellow"
"NDUFB7",5,"green"
"CSTA",3,"brown"
"PQLC3",1,"turquoise"
"U2AF1",2,"blue"
"CENPB",7,"black"
"SKAP1",4,"yellow"
"CAPZB",2,"blue"
"PINK1",1,"turquoise"
"TYMS",1,"turquoise"
"PRNP",1,"turquoise"
"CD40LG",4,"yellow"
"HSPBAP1",3,"brown"
"PARP14",8,"pink"
"ATG7",3,"brown"
"NAGK",0,"grey"
"PSD4",3,"brown"
"PCTP",2,"blue"
"RTP4",8,"pink"
"ATP5C1",1,"turquoise"
"HMGCR",6,"red"
"NR1H2",2,"blue"
"PAK1",3,"brown"
"LBH",4,"yellow"
"FRY",2,"blue"
"RENBP",0,"grey"
"MBNL1",2,"blue"
"LRIG1",1,"turquoise"
"IMPA1",1,"turquoise"
"EIF2B5",2,"blue"
"CPNE8",1,"turquoise"
"AHSA2",2,"blue"
"SOX8",2,"blue"
"STARD10",1,"turquoise"
"DUSP19",2,"blue"
"DDX58",8,"pink"
"SOCS3",1,"turquoise"
"ZNF337",4,"yellow"
"TM2D1",1,"turquoise"
"FBN2",1,"turquoise"
"AASDHPPT",1,"turquoise"
"RAB11FIP1",3,"brown"
"SLK",2,"blue"
"RPS9",5,"green"
"HRK",1,"turquoise"
"WDR54",4,"yellow"
"HTR2A",1,"turquoise"
"DNAJA3",4,"yellow"
"IMP3",4,"yellow"
"CLDND1",1,"turquoise"
"RXRA",3,"brown"
"RIN2",2,"blue"
"SH3BP5L",3,"brown"
"PLA2G4A",1,"turquoise"
"TBXAS1",3,"brown"
"ANKRD49",1,"turquoise"
"NAP1L5",1,"turquoise"
"ROCK1",2,"blue"
"CLOCK",2,"blue"
"DYNLT1",8,"pink"
"HCK",4,"yellow"
"SF3A2",0,"grey"
"XCL1",1,"turquoise"
"SDAD1",1,"turquoise"
"CHMP5",6,"red"
"MCL1",3,"brown"
"COBLL1",4,"yellow"
"GIMAP4",2,"blue"
"MSRA",3,"brown"
"TNIP1",1,"turquoise"
"BRI3",0,"grey"
"TSN",2,"blue"
"CCNG1",2,"blue"
"ENY2",1,"turquoise"
"PDZD8",3,"brown"
"KLRC1",1,"turquoise"
"ARL2",7,"black"
"TCP11L2",1,"turquoise"
"ICAM4",1,"turquoise"
"ERO1L",3,"brown"
"STK4",3,"brown"
"ATF1",2,"blue"
"DPEP3",1,"turquoise"
"CAPNS1",0,"grey"
"LHPP",2,"blue"
"LEPROTL1",1,"turquoise"
"EIF5A",2,"blue"
"KLRD1",0,"grey"
"NGFRAP1",1,"turquoise"
"SIPA1L3",1,"turquoise"
"BCKDHA",7,"black"
"STAT3",3,"brown"
"DCTN4",2,"blue"
"HDAC1",7,"black"
"RNASE4",1,"turquoise"
"CETP",1,"turquoise"
"RIPK2",2,"blue"
"ANTXR2",3,"brown"
"UBR2",3,"brown"
"DPP4",2,"blue"
"ZNF514",3,"brown"
"ZNF148",3,"brown"
"CDC5L",2,"blue"
"SEC24D",2,"blue"
"ZDHHC8",4,"yellow"
"ZMAT3",2,"blue"
"LDLRAP1",2,"blue"
"SELK",1,"turquoise"
"UROS",7,"black"
"TIMM8B",2,"blue"
"HOXD3",1,"turquoise"
"POLE4",5,"green"
"EGF",1,"turquoise"
"PFKFB2",1,"turquoise"
"LTB4R",3,"brown"
"PTEN",6,"red"
"CHI3L1",1,"turquoise"
"MT1F",4,"yellow"
"OAS2",8,"pink"
"GSTM3",1,"turquoise"
"SPSB3",7,"black"
"SLC35A1",6,"red"
"GLUL",1,"turquoise"
"RNASET2",3,"brown"
"SNN",4,"yellow"
"ATG16L2",3,"brown"
"IFRD1",4,"yellow"
"PLAC8",1,"turquoise"
"TUBD1",2,"blue"
"DDT",1,"turquoise"
"PARP1",1,"turquoise"
"JAK1",1,"turquoise"
"RALBP1",3,"brown"
"SLC37A3",3,"brown"
"LGALS1",5,"green"
"FBXO6",8,"pink"
"FAS",2,"blue"
"RGS1",1,"turquoise"
"UBAP1",1,"turquoise"
"LRRC37A2",1,"turquoise"
"CLIC4",2,"blue"
"PRKCDBP",1,"turquoise"
"IGSF6",3,"brown"
"GRAP2",0,"grey"
"CYP4F3",1,"turquoise"
"YPEL5",6,"red"
"IGFBP7",2,"blue"
"GNA15",2,"blue"
"GNAI3",2,"blue"
"SCOC",1,"turquoise"
"IRF1",3,"brown"
"ARF3",5,"green"
"TTC7B",1,"turquoise"
"AQP12A",2,"blue"
"SYT11",1,"turquoise"
"MTSS1",1,"turquoise"
"LSM1",0,"grey"
"MYO1F",3,"brown"
"TMED4",2,"blue"
"NARF",3,"brown"
"SCARB2",2,"blue"
"PDE4B",1,"turquoise"
"SUSD3",4,"yellow"
"OAS3",0,"grey"
"ANXA1",6,"red"
"UGP2",2,"blue"
"TSPAN7",1,"turquoise"
"ST6GALNAC2",3,"brown"
"MRPL1",2,"blue"
"AARS",4,"yellow"
"ATIC",4,"yellow"
"SMAD1",1,"turquoise"
"GYPA",1,"turquoise"
"HMGN4",1,"turquoise"
"RNASEL",6,"red"
"STOM",4,"yellow"
"DSPP",1,"turquoise"
"TSC22D1",1,"turquoise"
"ICAM2",4,"yellow"
"THAP11",4,"yellow"
"VASP",4,"yellow"
"RFESD",1,"turquoise"
"MRPL48",2,"blue"
"ATP5D",2,"blue"
"KLHL3",4,"yellow"
"LIN7A",3,"brown"
"SF3A3",7,"black"
"KLHDC2",2,"blue"
"FHL2",1,"turquoise"
"LAX1",4,"yellow"
"THAP2",1,"turquoise"
"STX2",4,"yellow"
"MICAL2",1,"turquoise"
"FCF1",2,"blue"
"TGM2",1,"turquoise"
"SNX27",3,"brown"
"CD151",1,"turquoise"
"ADAM10",2,"blue"
"ACP1",2,"blue"
"DEXI",4,"yellow"
"SUB1",1,"turquoise"
"CARD11",1,"turquoise"
"TBC1D14",3,"brown"
"GPR128",1,"turquoise"
"ACP5",1,"turquoise"
"PRDX5",1,"turquoise"
"PPP2R1A",0,"grey"
"UBE2W",2,"blue"
"EIF1B",4,"yellow"
"CUEDC1",3,"brown"
"MBTD1",2,"blue"
"IKZF3",2,"blue"
"GAA",3,"brown"
"ABCA13",1,"turquoise"
"REEP5",1,"turquoise"
"ZNF681",2,"blue"
"LSM2",5,"green"
"RAP2C",2,"blue"
"UBL7",1,"turquoise"
"SPTLC2",3,"brown"
"ATF4",2,"blue"
"THBD",1,"turquoise"
"TM6SF1",3,"brown"
"TLE4",6,"red"
"ZCCHC10",2,"blue"
"EFHC2",4,"yellow"
"EIF4E3",3,"brown"
"GRB2",3,"brown"
"LRRC6",1,"turquoise"
"FBXO33",6,"red"
"EPB41",1,"turquoise"
"RPS20",1,"turquoise"
"DNAJC10",1,"turquoise"
"CLDND2",2,"blue"
"ZRANB1",1,"turquoise"
"APH1B",3,"brown"
"SELM",2,"blue"
"DUSP3",4,"yellow"
"CTNNB1",2,"blue"
"JAK2",3,"brown"
"NMD3",1,"turquoise"
"KCNE3",1,"turquoise"
"PTOV1",0,"grey"
"SERPINB9",1,"turquoise"
"TCIRG1",1,"turquoise"
"TIA1",5,"green"
"LSP1",1,"turquoise"
"RPS15",5,"green"
"VCL",3,"brown"
"TUBB",4,"yellow"
"SLC9A1",3,"brown"
"CNDP2",7,"black"
"SLC6A6",3,"brown"
"ALDOC",2,"blue"
"MN1",1,"turquoise"
"MAPK14",1,"turquoise"
"STOML2",5,"green"
"AP3M2",4,"yellow"
"SLC36A1",2,"blue"
"SLC22A16",1,"turquoise"
"SLC15A4",6,"red"
"LAMP1",2,"blue"
"TSC22D4",0,"grey"
"COPS2",2,"blue"
"ZNF23",2,"blue"
"VAMP2",0,"grey"
"KIAA1279",2,"blue"
"SNX7",1,"turquoise"
"DCTN6",2,"blue"
"ZNFX1",3,"brown"
"HAVCR2",2,"blue"
"TAF15",2,"blue"
"SEC61B",1,"turquoise"
"GPX7",4,"yellow"
"RABGGTB",1,"turquoise"
"RPA1",0,"grey"
"SVIL",1,"turquoise"
"TFDP2",1,"turquoise"
"OGT",1,"turquoise"
"PQLC1",1,"turquoise"
"SERINC1",2,"blue"
"XPO1",1,"turquoise"
"TNFRSF10A",2,"blue"
"XPO4",2,"blue"
"CDKN2D",1,"turquoise"
"EGR3",1,"turquoise"
"BOLA2",2,"blue"
"CD248",1,"turquoise"
"DRAP1",2,"blue"
"DIRC2",3,"brown"
"GBA",3,"brown"
"FZD2",0,"grey"
"IMMT",1,"turquoise"
"PYHIN1",4,"yellow"
"MAP4K1",2,"blue"
"OGFR",0,"grey"
"PRPS1",4,"yellow"
"PILRA",3,"brown"
"HRASLS",1,"turquoise"
"OSBPL2",2,"blue"
"TPCN2",3,"brown"
"CAPN1",5,"green"
"GTPBP6",7,"black"
"CARD6",1,"turquoise"
"STXBP5",6,"red"
"FEM1C",6,"red"
"ZBTB25",4,"yellow"
"PHF21A",3,"brown"
"VAPA",2,"blue"
"CDKL1",1,"turquoise"
"CISH",2,"blue"
"LIMS1",1,"turquoise"
"TBCA",5,"green"
"METRNL",1,"turquoise"
"GUCY1B3",1,"turquoise"
"ARPC1B",1,"turquoise"
"GNG8",1,"turquoise"
"KRT10",5,"green"
"ATG12",6,"red"
"YIPF3",2,"blue"
"HDDC2",1,"turquoise"
"PRDM1",2,"blue"
"HIST1H2AD",2,"blue"
"MAN2B2",2,"blue"
"TREML4",1,"turquoise"
"TMEM50B",5,"green"
"BCL7C",1,"turquoise"
"MFSD1",6,"red"
"BCAT1",1,"turquoise"
"DPEP2",3,"brown"
"ZFYVE16",2,"blue"
"TCN2",1,"turquoise"
"ATP6V0D1",3,"brown"
"NUDT2",2,"blue"
"COL17A1",1,"turquoise"
"FNDC3A",2,"blue"
"F8A1",1,"turquoise"
"WAS",3,"brown"
"TPD52",1,"turquoise"
"TOR1B",8,"pink"
"EPHB4",1,"turquoise"
"PNRC2",1,"turquoise"
"MRPL23",5,"green"
"SLC36A4",2,"blue"
"SDF2L1",5,"green"
"PSMF1",1,"turquoise"
"BTG3",2,"blue"
"DOK3",1,"turquoise"
"MAPKAPK5",1,"turquoise"
"FAM107B",6,"red"
"REXO2",2,"blue"
"GCAT",1,"turquoise"
"DGKQ",1,"turquoise"
"SLC44A2",3,"brown"
"ATP5J",5,"green"
"COCH",1,"turquoise"
"TFAM",5,"green"
"SERP1",2,"blue"
"FBP1",1,"turquoise"
"ACPT",1,"turquoise"
"SMPDL3A",2,"blue"
"PTK6",1,"turquoise"
"PAK2",3,"brown"
"FBLN5",4,"yellow"
"OGFRL1",2,"blue"
"ACN9",1,"turquoise"
"PNPT1",2,"blue"
"GOLGA8A",0,"grey"
"TNPO3",3,"brown"
"IFITM1",3,"brown"
"SSR4",5,"green"
"HSPH1",1,"turquoise"
"IRX3",1,"turquoise"
"CORO1A",0,"grey"
"IFIT5",8,"pink"
"EIF2A",5,"green"
"MICAL1",3,"brown"
"BST1",3,"brown"
"ATP6AP1",3,"brown"
"TNFAIP3",6,"red"
"PRDX6",2,"blue"
"GSTK1",2,"blue"
"PAG1",1,"turquoise"
"ARHGEF3",1,"turquoise"
"SSB",2,"blue"
"ARF6",2,"blue"
"IRF8",1,"turquoise"
"GRB14",1,"turquoise"
"FAM46A",8,"pink"
"CXCR6",2,"blue"
"NDUFS5",5,"green"
"ANXA11",3,"brown"
"TLR6",3,"brown"
"POLE3",5,"green"
"CCPG1",3,"brown"
"USP38",6,"red"
"LAMB3",1,"turquoise"
"EIF4G3",3,"brown"
"FAM84B",4,"yellow"
"NCOA4",1,"turquoise"
"SLC25A42",4,"yellow"
"NPTN",6,"red"
"CCR5",1,"turquoise"
"NCALD",4,"yellow"
"GOLGB1",2,"blue"
"LRFN3",4,"yellow"
"AKTIP",1,"turquoise"
"CDC20",1,"turquoise"
"ADSL",5,"green"
"SUMO3",4,"yellow"
"RSBN1L",2,"blue"
"ANKRD10",1,"turquoise"
"SERPINB10",1,"turquoise"
"LRRC40",2,"blue"
"MRPL14",5,"green"
"PSMA4",1,"turquoise"
"IPO11",6,"red"
"BCKDK",3,"brown"
"CCR6",1,"turquoise"
"S100B",1,"turquoise"
"EIF1",2,"blue"
"LYPD3",1,"turquoise"
"LMO4",2,"blue"
"DCP2",6,"red"
"RHCE",1,"turquoise"
"BAG3",2,"blue"
"SRP14",2,"blue"
"FHL1",1,"turquoise"
"UNC93B1",0,"grey"
"MYB",2,"blue"
"F2R",1,"turquoise"
"TNFSF9",1,"turquoise"
"RHOH",1,"turquoise"
"RANBP9",2,"blue"
"RSL1D1",5,"green"
"ZBTB8OS",2,"blue"
"SHCBP1",2,"blue"
"CHMP1B",6,"red"
"CHIC2",3,"brown"
"CAP1",3,"brown"
"NDUFA11",5,"green"
"PLEKHG3",3,"brown"
"GFI1",4,"yellow"
"SH2D3C",1,"turquoise"
"PRPF8",2,"blue"
"CTSL",1,"turquoise"
"RBM39",2,"blue"
"TUBE1",2,"blue"
"NDN",1,"turquoise"
"ZNF549",2,"blue"
"ERBB4",1,"turquoise"
"ARID5B",4,"yellow"
"BST2",1,"turquoise"
"PCSK1N",1,"turquoise"
"PLCG2",3,"brown"
"FAM49A",4,"yellow"
"C1QC",1,"turquoise"
"TMCC3",4,"yellow"
"AMICA1",3,"brown"
"LSM3",1,"turquoise"
"PLA2G4C",1,"turquoise"
"MLLT6",4,"yellow"
"IRF7",8,"pink"
"LGALS3BP",1,"turquoise"
"TNNT1",1,"turquoise"
"DAAM1",2,"blue"
"HIGD2A",4,"yellow"
"CNN2",3,"brown"
"ZNF548",4,"yellow"
"HSP90AB1",4,"yellow"
"STYXL1",2,"blue"
"SF3B5",5,"green"
"SAFB",7,"black"
"RPL36",5,"green"
"NDUFB3",6,"red"
"EEF2",7,"black"
"CACNA1E",1,"turquoise"
"METTL5",1,"turquoise"
"DUSP8",1,"turquoise"
"LY9",2,"blue"
"LYSMD2",1,"turquoise"
"PTDSS1",2,"blue"
"EXOSC8",1,"turquoise"
"SERPINB1",3,"brown"
"WDR1",2,"blue"
"GNB2",0,"grey"
"BCL11B",4,"yellow"
"IDS",6,"red"
"APEX1",4,"yellow"
"RPL11",5,"green"
"SRPK2",2,"blue"
"MIDN",3,"brown"
"UTY",1,"turquoise"
"FASN",1,"turquoise"
"BATF2",1,"turquoise"
"UQCRH",5,"green"
"AUTS2",0,"grey"
"TEK",1,"turquoise"
"IMPDH2",4,"yellow"
"CSF3R",3,"brown"
"MAGED4",1,"turquoise"
"SSBP4",1,"turquoise"
"GJB6",1,"turquoise"
"LPPR2",3,"brown"
"XRCC6",2,"blue"
"CPNE5",1,"turquoise"
"RDH5",1,"turquoise"
"LCP1",3,"brown"
"MSC",1,"turquoise"
"RHOA",2,"blue"
"ILK",1,"turquoise"
"MRPS18B",1,"turquoise"
"EML4",1,"turquoise"
"ZNF439",3,"brown"
"TIMM22",5,"green"
"NOC3L",1,"turquoise"
"TAGAP",2,"blue"
"PTAFR",3,"brown"
"GOPC",2,"blue"
"JAKMIP1",1,"turquoise"
"EPHX2",3,"brown"
"WWC3",3,"brown"
"FCGBP",1,"turquoise"
"GTF2H2",2,"blue"
"RASSF2",3,"brown"
"CD320",2,"blue"
"CCND3",2,"blue"
"HSP90B1",1,"turquoise"
"PLEK",0,"grey"
"CDH9",1,"turquoise"
"LANCL1",1,"turquoise"
"DMXL2",0,"grey"
"SIRPB2",2,"blue"
"TMEM176B",1,"turquoise"
"SLC9A8",3,"brown"
"RPL30",5,"green"
"ARMC1",2,"blue"
"CRBN",1,"turquoise"
"MRPS24",5,"green"
"ITGB3BP",2,"blue"
"CCT8",1,"turquoise"
"NAPSA",0,"grey"
"TMEM70",2,"blue"
"SSH1",1,"turquoise"
"CLCN7",7,"black"
"CACNA2D3",5,"green"
"CCL23",1,"turquoise"
"LPL",1,"turquoise"
"HCST",4,"yellow"
"DTX2",3,"brown"
"IL12RB2",1,"turquoise"
"SP1",3,"brown"
"ZFAND3",1,"turquoise"
"CCDC117",2,"blue"
"ZNF12",2,"blue"
"CABIN1",0,"grey"
"WDR75",1,"turquoise"
"MRC1",1,"turquoise"
"RAPGEF6",2,"blue"
"GPR114",4,"yellow"
"RALY",2,"blue"
"BOLA3",5,"green"
"SP110",3,"brown"
"MED4",1,"turquoise"
"NEFL",1,"turquoise"
"TOP3A",3,"brown"
"YWHAG",2,"blue"
"PNOC",2,"blue"
"SPP1",1,"turquoise"
"NUDT15",2,"blue"
"MAP7",1,"turquoise"
"BLVRA",1,"turquoise"
"MTPN",2,"blue"
"ADORA3",1,"turquoise"
"MAD1L1",2,"blue"
"ZNF438",3,"brown"
"SLC30A3",1,"turquoise"
"C1QA",1,"turquoise"
"NUP54",1,"turquoise"
"HINT3",1,"turquoise"
"NEXN",1,"turquoise"
"MGST3",1,"turquoise"
"NR1D2",2,"blue"
"SNRPA1",4,"yellow"
"GMFB",6,"red"
"OSBPL10",4,"yellow"
"SGPP2",1,"turquoise"
"NEBL",1,"turquoise"
"CLEC4F",1,"turquoise"
"LPP",3,"brown"
"NDE1",3,"brown"
"GATA3",2,"blue"
"GPR137",1,"turquoise"
"MCTP1",1,"turquoise"
"HELB",1,"turquoise"
"PAFAH1B3",7,"black"
"AKAP2",1,"turquoise"
"UBE2L6",8,"pink"
"MTF1",3,"brown"
"SACS",2,"blue"
"CCT2",5,"green"
"UROD",2,"blue"
"RIN3",1,"turquoise"
"CD38",0,"grey"
"ZBTB40",4,"yellow"
"UBQLN2",1,"turquoise"
"TMEM14A",4,"yellow"
"WIPF1",2,"blue"
"COQ10B",6,"red"
"RCOR3",6,"red"
"ITGA4",1,"turquoise"
"FHL3",1,"turquoise"
"PURA",1,"turquoise"
"XKR8",3,"brown"
"PHF20L1",2,"blue"
"PKIA",3,"brown"
"BCL2L13",2,"blue"
"NDUFB5",5,"green"
"CSF2RB",1,"turquoise"
"HBEGF",1,"turquoise"
"STK3",3,"brown"
"SESTD1",3,"brown"
"FGD3",3,"brown"
"CEBPE",1,"turquoise"
"UBE2J1",6,"red"
"ZNF213",1,"turquoise"
"CAPG",2,"blue"
"LOC285074",3,"brown"
"FCGRT",3,"brown"
"UBB",1,"turquoise"
"COMMD3",5,"green"
"ZNF277",5,"green"
"RPL38",1,"turquoise"
"ZNF395",4,"yellow"
"DYNC1I2",2,"blue"
"HSD17B12",6,"red"
"CARD8",3,"brown"
"ZFAND1",2,"blue"
"MTX1",3,"brown"
"MINPP1",2,"blue"
"SENP6",2,"blue"
"CDC42SE2",1,"turquoise"
"DGCR8",2,"blue"
"SGSH",2,"blue"
"RNF40",1,"turquoise"
"DUSP18",2,"blue"
"ATF6",3,"brown"
"CCDC90B",1,"turquoise"
"ENO2",2,"blue"
"SWAP70",1,"turquoise"
"TGFBR1",1,"turquoise"
"ADCK2",2,"blue"
"DNAJB1",2,"blue"
"LST1",1,"turquoise"
"CUTA",4,"yellow"
"DUSP2",1,"turquoise"
"RAB10",6,"red"
"LAPTM4A",2,"blue"
"UBE2N",1,"turquoise"
"IL4R",3,"brown"
"KCTD10",1,"turquoise"
"UAP1",2,"blue"
"GPR15",1,"turquoise"
"SMAD7",2,"blue"
"MRPL19",2,"blue"
"U2AF1L4",2,"blue"
"AGTRAP",0,"grey"
"ZNF529",4,"yellow"
"CFL1",2,"blue"
"RBM25",1,"turquoise"
"ANKRD46",5,"green"
"NOTCH2",3,"brown"
"ACSBG1",1,"turquoise"
"RAP2A",1,"turquoise"
"GEMIN6",5,"green"
"DBI",1,"turquoise"
"ATP2B1",2,"blue"
"GNPTG",5,"green"
"SPRED1",2,"blue"
"RNF13",3,"brown"
"ZNF559",1,"turquoise"
"GNAZ",1,"turquoise"
"TYK2",3,"brown"
"ARL4A",1,"turquoise"
"TMC6",2,"blue"
"UCKL1",4,"yellow"
"KRT3",2,"blue"
"EED",2,"blue"
"DNTTIP1",4,"yellow"
"DECR1",2,"blue"
"TMEM42",5,"green"
"LRP5L",5,"green"
"PMS1",2,"blue"
"HSPA4",2,"blue"
"MAFF",1,"turquoise"
"UPB1",1,"turquoise"
"CD63",2,"blue"
"PSMA5",1,"turquoise"
"HIVEP2",2,"blue"
"ZC3HC1",7,"black"
"SOD1",4,"yellow"
"SH3BP1",0,"grey"
"GMCL1",3,"brown"
"KLF6",3,"brown"
"SH3GL1",2,"blue"
"SKI",1,"turquoise"
"PLCG1",3,"brown"
"EIF4B",4,"yellow"
"STK33",1,"turquoise"
"MYLIP",6,"red"
"POLR2J",1,"turquoise"
"SUV39H2",1,"turquoise"
"PSMB5",2,"blue"
"HMGN1",1,"turquoise"
"RPUSD2",4,"yellow"
"NDEL1",3,"brown"
"CD86",2,"blue"
"FAM102A",4,"yellow"
"RPUSD4",4,"yellow"
"GOLT1B",2,"blue"
"RHOBTB3",0,"grey"
"POLR1E",4,"yellow"
"KPNB1",3,"brown"
"VPS28",2,"blue"
"IFNGR2",3,"brown"
"TSPAN1",1,"turquoise"
"EPHA1",2,"blue"
"DNM3",1,"turquoise"
"MAD2L1",2,"blue"
"KCNH6",2,"blue"
"RASGRP3",4,"yellow"
"TOPBP1",2,"blue"
"GUCY1A3",1,"turquoise"
"PSAP",3,"brown"
"VENTX",0,"grey"
"CUL5",1,"turquoise"
"DNAJB9",5,"green"
"PRMT6",1,"turquoise"
"YWHAH",2,"blue"
"AVPI1",1,"turquoise"
"ZYG11B",3,"brown"
"IFT80",1,"turquoise"
"PRDX1",7,"black"
"KCNA3",1,"turquoise"
"ARL11",1,"turquoise"
"LAPTM4B",2,"blue"
"PTP4A3",1,"turquoise"
"THUMPD1",1,"turquoise"
"PDLIM7",1,"turquoise"
"ABCC13",1,"turquoise"
"FAM120A",2,"blue"
"PIK3CD",3,"brown"
"SERPINB6",7,"black"
"OAT",2,"blue"
"EPC1",0,"grey"
"GM2A",1,"turquoise"
"AZI2",1,"turquoise"
"CHORDC1",2,"blue"
"ABCB10",1,"turquoise"
"GRASP",1,"turquoise"
"HIST3H2A",1,"turquoise"
"EDN1",1,"turquoise"
"TMEM30A",2,"blue"
"ATG4C",2,"blue"
"SEMA3C",2,"blue"
"PPIF",1,"turquoise"
"B4GALT1",2,"blue"
"STRAP",1,"turquoise"
"PRDX3",1,"turquoise"
"ST3GAL4",1,"turquoise"
"TAL1",1,"turquoise"
"ANGEL2",1,"turquoise"
"SLC19A1",3,"brown"
"INPP5D",2,"blue"
"CD22",1,"turquoise"
"STAB1",1,"turquoise"
"FGD4",1,"turquoise"
"FAM3B",1,"turquoise"
"TNFAIP2",3,"brown"
"TBC1D10C",2,"blue"
"MRPL54",5,"green"
"B4GALT3",2,"blue"
"METAP2",1,"turquoise"
"SS18L2",5,"green"
"SPESP1",1,"turquoise"
"ARHGAP18",2,"blue"
"FAM122A",2,"blue"
"RSPO2",1,"turquoise"
"HEY1",1,"turquoise"
"CRY1",2,"blue"
"MAN1C1",2,"blue"
"KLF5",2,"blue"
"CA5B",1,"turquoise"
"ARHGAP1",3,"brown"
"MAPKAPK3",1,"turquoise"
"NRD1",3,"brown"
"ZBED5",1,"turquoise"
"AOAH",3,"brown"
"CLEC4G",1,"turquoise"
"CNOT3",1,"turquoise"
"HCFC1",0,"grey"
"MSLN",1,"turquoise"
"S100Z",1,"turquoise"
"CHN1",1,"turquoise"
"KCTD6",1,"turquoise"
"RRAS2",1,"turquoise"
"PAPD4",6,"red"
"ZMAT2",1,"turquoise"
"IL23A",2,"blue"
"RPL18A",5,"green"
"CD4",0,"grey"
"PRKCQ",4,"yellow"
"WDR6",2,"blue"
"CAMK4",1,"turquoise"
"PICALM",3,"brown"
"RNF175",1,"turquoise"
"AP3B1",2,"blue"
"RHAG",1,"turquoise"
"NIPSNAP3A",2,"blue"
"LMNA",1,"turquoise"
"UGCG",1,"turquoise"
"CHD7",3,"brown"
"BLOC1S1",0,"grey"
"PTPLAD1",4,"yellow"
"MKNK1",3,"brown"
"GALNT4",3,"brown"
"MDH1",1,"turquoise"
"ZNF628",1,"turquoise"
"ALDOB",1,"turquoise"
"ARRDC3",6,"red"
"VASH1",0,"grey"
"ZMYND15",1,"turquoise"
"ALDOA",1,"turquoise"
"ST6GALNAC3",2,"blue"
"MFHAS1",1,"turquoise"
"TTC32",2,"blue"
"MRPL36",5,"green"
"VPS4B",6,"red"
"OTUD6B",2,"blue"
"LGR6",1,"turquoise"
"C1QBP",5,"green"
"FAM76A",2,"blue"
"TRAFD1",8,"pink"
"GATA2",1,"turquoise"
"GAK",2,"blue"
"RECK",2,"blue"
"KIR2DS3",1,"turquoise"
"RRM2",1,"turquoise"
"NCSTN",3,"brown"
"MST4",1,"turquoise"
"KBTBD11",3,"brown"
"DYNLL2",2,"blue"
"NENF",5,"green"
"AKR1B1",4,"yellow"
"ATP5I",5,"green"
"RCC2",7,"black"
"TFRC",1,"turquoise"
"MAPK3",3,"brown"
"ATG9A",1,"turquoise"
"MRPL32",1,"turquoise"
"DYNLT3",2,"blue"
"DTL",1,"turquoise"
"ZBTB10",1,"turquoise"
"PGAM1",2,"blue"
"PRPF18",2,"blue"
"CDH2",1,"turquoise"
"PTPN6",2,"blue"
"CHST7",2,"blue"
"SUCLG2",1,"turquoise"
"NUAK1",1,"turquoise"
"GNAQ",3,"brown"
"IFITM2",1,"turquoise"
"RAB40C",2,"blue"
"LILRA1",1,"turquoise"
"HIATL1",6,"red"
"NKTR",4,"yellow"
"ZNF623",1,"turquoise"
"PIGB",6,"red"
"IL1RAP",1,"turquoise"
"NFE2L3",0,"grey"
"BBS12",1,"turquoise"
"SLC25A32",2,"blue"
"BCL10",3,"brown"
"SCAP",3,"brown"
"PCOLCE2",1,"turquoise"
"KLHL21",1,"turquoise"
"KBTBD8",1,"turquoise"
"GRPEL2",1,"turquoise"
"YES1",2,"blue"
"ZC3HAV1",3,"brown"
"YTHDF3",2,"blue"
"SYNGR3",1,"turquoise"
"YY1AP1",1,"turquoise"
"F11R",1,"turquoise"
"MGC40069",1,"turquoise"
"GADD45B",3,"brown"
"SYNJ2",1,"turquoise"
"PPP1R2",1,"turquoise"
"SLC38A1",4,"yellow"
"MAT2A",5,"green"
"SP100",8,"pink"
"CNNM1",1,"turquoise"
"PHIP",2,"blue"
"RNF14",1,"turquoise"
"NFKB1",2,"blue"
"PECAM1",3,"brown"
"CDCA7L",2,"blue"
"MS4A2",1,"turquoise"
"MATK",2,"blue"
"USP25",2,"blue"
"CHMP2A",1,"turquoise"
"PLK3",1,"turquoise"
"VPS29",1,"turquoise"
"BTAF1",1,"turquoise"
"PLCB2",0,"grey"
"B3GNTL1",1,"turquoise"
"LSM4",5,"green"
"FXYD5",2,"blue"
"CBX3",1,"turquoise"
"ACTL6A",1,"turquoise"
"SNAI1",1,"turquoise"
"VPS37A",2,"blue"
"TSEN54",2,"blue"
"TDRD7",8,"pink"
"ACAA1",2,"blue"
"GPR162",1,"turquoise"
"TMEM45A",1,"turquoise"
"POGK",2,"blue"
"TMEM126A",5,"green"
"PELI2",3,"brown"
"DDX6",1,"turquoise"
"COL4A3BP",1,"turquoise"
"PIGM",2,"blue"
"PBK",1,"turquoise"
"ARL8B",1,"turquoise"
"SLC25A19",7,"black"
"NDUFB11",5,"green"
"CBX6",1,"turquoise"
"KISS1R",1,"turquoise"
"RNPEP",1,"turquoise"
"GSTP1",7,"black"
"PEAR1",1,"turquoise"
"TRIM51",1,"turquoise"
"NPM3",5,"green"
"DBF4",1,"turquoise"
"PBX2",2,"blue"
"SAMD11",1,"turquoise"
"PGRMC2",1,"turquoise"
"DUSP12",1,"turquoise"
"NUDC",7,"black"
"SYK",3,"brown"
"EMG1",5,"green"
"WDR44",2,"blue"
"NACA",2,"blue"
"SMN1",1,"turquoise"
"RPGRIP1",3,"brown"
"KIR2DL5A",1,"turquoise"
"SQSTM1",1,"turquoise"
"PDCD6",1,"turquoise"
"ABI3",1,"turquoise"
"ZNF207",2,"blue"
"GPR133",1,"turquoise"
"B3GNT7",1,"turquoise"
"AIP",2,"blue"
"RAB42",1,"turquoise"
"NFS1",0,"grey"
"SNHG8",2,"blue"
"UBE2F",1,"turquoise"
"PSMA3",1,"turquoise"
"NUP88",1,"turquoise"
"ELL",3,"brown"
"HSPA8",4,"yellow"
"GMIP",3,"brown"
"WDR52",3,"brown"
"GCHFR",5,"green"
"SLC12A2",2,"blue"
"AIF1",1,"turquoise"
"AHCTF1",3,"brown"
"FAM58A",5,"green"
"LOC440354",1,"turquoise"
"MAX",1,"turquoise"
"YOD1",1,"turquoise"
"ABHD14B",2,"blue"
"KIDINS220",6,"red"
"USP33",4,"yellow"
"PDK1",2,"blue"
"ZNF718",1,"turquoise"
"NR4A1",1,"turquoise"
"NSMAF",6,"red"
"DDX43",1,"turquoise"
"ALDH3B1",1,"turquoise"
"ASNSD1",1,"turquoise"
"PTPRN2",1,"turquoise"
"PNN",1,"turquoise"
"PSMD14",1,"turquoise"
"LBR",1,"turquoise"
"STK39",4,"yellow"
"PAPSS2",1,"turquoise"
"PTPLA",1,"turquoise"
"CREBBP",3,"brown"
"ZBTB2",2,"blue"
"SQRDL",4,"yellow"
"MVP",3,"brown"
"AFTPH",5,"green"
"BAMBI",1,"turquoise"
"ST6GALNAC6",2,"blue"
"COX17",5,"green"
"GLG1",3,"brown"
"ARHGAP26",4,"yellow"
"ST3GAL6",6,"red"
"CXCL14",1,"turquoise"
"FN3KRP",4,"yellow"
"GEMIN4",7,"black"
"TNFRSF13B",2,"blue"
"PCMTD2",4,"yellow"
"ABCC4",1,"turquoise"
"CYC1",4,"yellow"
"LGALS12",1,"turquoise"
"TXNDC12",2,"blue"
"ERH",1,"turquoise"
"FXR2",5,"green"
"APCS",1,"turquoise"
"GPAA1",0,"grey"
"TPD52L2",3,"brown"
"ACTR2",3,"brown"
"KCTD7",2,"blue"
"TMEM56",1,"turquoise"
"TACC3",2,"blue"
"SEC61G",5,"green"
"DHRS4",5,"green"
"EBNA1BP2",4,"yellow"
"TMEM63A",2,"blue"
"LIMS3",1,"turquoise"
"FLCN",1,"turquoise"
"PTTG1",5,"green"
"RAB37",1,"turquoise"
"TMEM109",2,"blue"
"RB1CC1",6,"red"
"MEOX1",1,"turquoise"
"HSBP1",2,"blue"
"CETN3",2,"blue"
"KIR2DL4",1,"turquoise"
"ZNF639",1,"turquoise"
"ATP6AP2",1,"turquoise"
"DDX50",1,"turquoise"
"TBC1D2",3,"brown"
"CLSTN3",1,"turquoise"
"HCP5",1,"turquoise"
"CBWD1",2,"blue"
"CIRBP",1,"turquoise"
"CLEC2D",3,"brown"
"CRNKL1",1,"turquoise"
"ELF2",2,"blue"
"SF3B2",2,"blue"
"FUT7",1,"turquoise"
"NAP1L2",1,"turquoise"
"GNPDA1",2,"blue"
"GPR171",2,"blue"
"TOP2A",1,"turquoise"
"RPP21",5,"green"
"GGA2",4,"yellow"
"SLC22A18",1,"turquoise"
"IGF1R",1,"turquoise"
"HMHA1",7,"black"
"MRPS30",4,"yellow"
"ZFP90",4,"yellow"
"TESK1",2,"blue"
"LTBP1",1,"turquoise"
"MYD88",3,"brown"
"LILRB3",3,"brown"
"OPLAH",1,"turquoise"
"DMTF1",1,"turquoise"
"PEPD",1,"turquoise"
"CPSF1",7,"black"
"SLMAP",6,"red"
"PRKD2",5,"green"
"PDPR",2,"blue"
"COPE",0,"grey"
"GPX4",2,"blue"
"RNMT",2,"blue"
"CHRNA2",1,"turquoise"
"CFHR2",1,"turquoise"
"STX10",3,"brown"
"EIF2S3",0,"grey"
"AP1M1",5,"green"
"HYAL3",1,"turquoise"
"ATP6V0A1",3,"brown"
"MYO1A",1,"turquoise"
"FAM20A",1,"turquoise"
"HES1",1,"turquoise"
"RDH11",2,"blue"
"CHI3L2",1,"turquoise"
"RWDD1",5,"green"
"NAIP",1,"turquoise"
"GPC6",1,"turquoise"
"TNS3",2,"blue"
"TFPI",1,"turquoise"
"SAMD4A",1,"turquoise"
"PIK3R1",1,"turquoise"
"BAZ1A",3,"brown"
"CAB39",6,"red"
"ZNF420",2,"blue"
"ATOX1",2,"blue"
"MSI2",1,"turquoise"
"DHX15",1,"turquoise"
"PLSCR4",1,"turquoise"
"ARFIP1",4,"yellow"
"EPHB1",1,"turquoise"
"ITGA5",3,"brown"
"HPRT1",1,"turquoise"
"ZZZ3",1,"turquoise"
"DAZAP2",3,"brown"
"NDUFS7",7,"black"
"MERTK",1,"turquoise"
"TMEM60",1,"turquoise"
"ZNF267",1,"turquoise"
"MGMT",1,"turquoise"
"IMP4",7,"black"
"SLC20A1",1,"turquoise"
"MMP15",1,"turquoise"
"SIGLEC9",1,"turquoise"
"VMO1",1,"turquoise"
"PPP3CB",2,"blue"
"SLC24A4",1,"turquoise"
"ZNF329",4,"yellow"
"MRPL33",5,"green"
"EXOSC6",5,"green"
"HIST1H2AG",1,"turquoise"
"AKAP9",1,"turquoise"
"FAM72A",2,"blue"
"TTC14",1,"turquoise"
"P2RY8",2,"blue"
"PAICS",4,"yellow"
"CTSH",2,"blue"
"SULT1A2",1,"turquoise"
"FAHD2A",2,"blue"
"CRYBB2",1,"turquoise"
"ARHGAP19",3,"brown"
"FSCN1",5,"green"
"LECT1",1,"turquoise"
"ZBTB4",1,"turquoise"
"ECH1",2,"blue"
"SBF1",2,"blue"
"ZBTB20",4,"yellow"
"SMAD3",4,"yellow"
"ITGAE",1,"turquoise"
"YIPF6",1,"turquoise"
"NDUFB8",5,"green"
"DPYSL4",1,"turquoise"
"DEDD",1,"turquoise"
"OSBPL5",0,"grey"
"RASGRP4",1,"turquoise"
"MCM3",4,"yellow"
"CRLF3",6,"red"
"MAP1A",1,"turquoise"
"FEZ2",6,"red"
"ARAF",0,"grey"
"MYLK",1,"turquoise"
"CEP76",1,"turquoise"
"LONRF1",6,"red"
"RAB24",3,"brown"
"DHRS7",3,"brown"
"CIB1",7,"black"
"PIK3C3",2,"blue"
"UBL4A",2,"blue"
"DIAPH1",3,"brown"
"POR",1,"turquoise"
"CDC37L1",2,"blue"
"DIP2B",6,"red"
"DEGS1",6,"red"
"YWHAQ",1,"turquoise"
"TSSC4",1,"turquoise"
"TTC4",4,"yellow"
"NFE2L2",1,"turquoise"
"TNFRSF10B",1,"turquoise"
"CARD9",7,"black"
"CYP4V2",5,"green"
"POLH",2,"blue"
"GPS2",1,"turquoise"
"POLL",1,"turquoise"
"PTPN1",2,"blue"
"CANT1",3,"brown"
"RAB5C",0,"grey"
"PPP1R14A",1,"turquoise"
"ZMPSTE24",6,"red"
"TMEM59",6,"red"
"SNRPD2",5,"green"
"PLAGL1",2,"blue"
"RPLP1",2,"blue"
"SIN3A",2,"blue"
"IDH1",1,"turquoise"
"CDK4",4,"yellow"
"GPRASP1",1,"turquoise"
"ORAOV1",7,"black"
"ARHGEF12",1,"turquoise"
"TMEM2",2,"blue"
"FLT3",1,"turquoise"
"AKAP3",1,"turquoise"
"XRCC4",2,"blue"
"VCPIP1",6,"red"
"SDSL",1,"turquoise"
"DHX34",3,"brown"
"RTN1",1,"turquoise"
"MRPS31",5,"green"
"TWSG1",1,"turquoise"
"GPA33",1,"turquoise"
"VEGFA",1,"turquoise"
"SND1",2,"blue"
"ERP29",2,"blue"
"PPP2CB",2,"blue"
"NONO",1,"turquoise"
"MGAT1",0,"grey"
"HGS",3,"brown"
"SAE1",4,"yellow"
"PPM1A",1,"turquoise"
"NDUFA3",2,"blue"
"LXN",6,"red"
"FBXL20",3,"brown"
"DDHD1",2,"blue"
"TP53I11",1,"turquoise"
"CIAO1",1,"turquoise"
"STAT6",2,"blue"
"NOL11",1,"turquoise"
"CCNY",2,"blue"
"SULT1A1",2,"blue"
"ASF1B",1,"turquoise"
"VAMP3",3,"brown"
"ARID4B",3,"brown"
"GPI",2,"blue"
"FGR",3,"brown"
"GLA",2,"blue"
"PDE3B",0,"grey"
"CNNM3",0,"grey"
"SERINC3",3,"brown"
"FASLG",4,"yellow"
"NFKBIE",7,"black"
"UBASH3A",1,"turquoise"
"CEBPZ",1,"turquoise"
"EPRS",4,"yellow"
"ZNF14",2,"blue"
"CD9",1,"turquoise"
"CYB5R3",1,"turquoise"
"S100A6",3,"brown"
"WIPI1",3,"brown"
"MYO5A",3,"brown"
"EIF4EBP2",3,"brown"
"CORO7",0,"grey"
"FARP2",1,"turquoise"
"SLC35D3",1,"turquoise"
"MPHOSPH6",2,"blue"
"SLFN13",4,"yellow"
"SOCS1",1,"turquoise"
"MGST1",1,"turquoise"
"CYB5R1",1,"turquoise"
"RBM6",1,"turquoise"
"ASCL2",7,"black"
"OFD1",1,"turquoise"
"TPST2",2,"blue"
"ANKRD12",1,"turquoise"
"HOXC10",1,"turquoise"
"RASSF7",5,"green"
"LIMK2",1,"turquoise"
"UBE2M",1,"turquoise"
"FAH",1,"turquoise"
"FKBP9",1,"turquoise"
"GDI1",7,"black"
"D2HGDH",4,"yellow"
"MCEE",5,"green"
"CCDC104",2,"blue"
"AK1",3,"brown"
"DOCK2",3,"brown"
"PTPRO",1,"turquoise"
"GDPD3",1,"turquoise"
"UBE4B",2,"blue"
"SP2",1,"turquoise"
"RIT1",3,"brown"
"ZNF671",7,"black"
"TMED2",1,"turquoise"
"TMCO3",3,"brown"
"ERICH1",1,"turquoise"
"MIS12",1,"turquoise"
"SRFBP1",2,"blue"
"MGAT4A",1,"turquoise"
"DBR1",2,"blue"
"ADAM7",4,"yellow"
"LIG4",2,"blue"
"MKNK2",3,"brown"
"PAX5",1,"turquoise"
"APBA3",2,"blue"
"N4BP1",3,"brown"
"RUNX3",2,"blue"
"F12",3,"brown"
"SIRT1",1,"turquoise"
"HTRA1",1,"turquoise"
"PAPOLA",1,"turquoise"
"ZNF354A",2,"blue"
"IL10RB",3,"brown"
"KPNA6",1,"turquoise"
"PDSS2",2,"blue"
"TOMM22",5,"green"
"CYFIP2",2,"blue"
"AK5",1,"turquoise"
"GPM6A",1,"turquoise"
"TUBB6",1,"turquoise"
"SLC26A8",1,"turquoise"
"ARL5B",1,"turquoise"
"ATAD1",2,"blue"
"GRK6",1,"turquoise"
"ARL2BP",1,"turquoise"
"HPS6",2,"blue"
"TAPBP",1,"turquoise"
"IRF3",1,"turquoise"
"GUCA1C",1,"turquoise"
"NAB1",1,"turquoise"
"GRAMD1C",1,"turquoise"
"RAB11A",6,"red"
"GLO1",2,"blue"
"PLAU",1,"turquoise"
"SPSB2",2,"blue"
"NID1",1,"turquoise"
"GLDN",1,"turquoise"
"KLF13",2,"blue"
"GALM",2,"blue"
"HPGD",1,"turquoise"
"CXCR3",4,"yellow"
"TXLNA",7,"black"
"NIF3L1",4,"yellow"
"KLHL14",1,"turquoise"
"FAM89B",0,"grey"
"RNF141",4,"yellow"
"DDX56",2,"blue"
"ASB1",2,"blue"
"ARL6IP5",1,"turquoise"
"UBE2E2",2,"blue"
"EMR1",1,"turquoise"
"SFT2D1",6,"red"
"NCK1",1,"turquoise"
"HIPK3",1,"turquoise"
"AKAP8L",1,"turquoise"
"MRPL34",5,"green"
"GFM1",1,"turquoise"
"PITPNM2",1,"turquoise"
"CTBP2",1,"turquoise"
"KLHL9",1,"turquoise"
"SESN1",1,"turquoise"
"DNAJC9",5,"green"
"PSMB6",7,"black"
"NDUFA8",5,"green"
"LPIN2",2,"blue"
"RBM23",3,"brown"
"FAM19A1",1,"turquoise"
"LASP1",3,"brown"
"UBL3",6,"red"
"PEX11B",2,"blue"
"SIDT1",4,"yellow"
"TCEB1",1,"turquoise"
"SLC7A6",4,"yellow"
"ZBTB1",2,"blue"
"IQSEC1",3,"brown"
"RP9",7,"black"
"DYRK2",2,"blue"
"DPH5",5,"green"
"TRIM28",0,"grey"
"CSNK2B",2,"blue"
"ATP5J2",2,"blue"
"SMAD5",2,"blue"
"TP53I13",1,"turquoise"
"WDFY3",1,"turquoise"
"TCF7L2",1,"turquoise"
"MEP1A",1,"turquoise"
"ZNF608",1,"turquoise"
"ADAR",3,"brown"
"TP53TG3",1,"turquoise"
"STRA13",5,"green"
"ARHGAP9",3,"brown"
"SNHG10",1,"turquoise"
"DAP",1,"turquoise"
"TPSAB1",1,"turquoise"
"PSRC1",1,"turquoise"
"COTL1",1,"turquoise"
"PSME4",3,"brown"
"TGOLN2",2,"blue"
"NFKB2",1,"turquoise"
"PRPF19",6,"red"
"FNBP1",3,"brown"
"AIM2",1,"turquoise"
"MRPL22",5,"green"
"LIMD1",1,"turquoise"
"MLLT3",1,"turquoise"
"VPS37C",3,"brown"
"RANGAP1",4,"yellow"
"MGEA5",1,"turquoise"
"PLEKHO1",7,"black"
"ALKBH5",2,"blue"
"ADAMTS5",1,"turquoise"
"CXXC1",7,"black"
"FANCL",1,"turquoise"
"ZNF124",2,"blue"
"CDK10",7,"black"
"GLIPR1",6,"red"
"NIP7",4,"yellow"
"COL18A1",1,"turquoise"
"HIST1H2BO",1,"turquoise"
"ST6GALNAC1",1,"turquoise"
"ARIH2",4,"yellow"
"PPP4R2",2,"blue"
"RAB5B",2,"blue"
"RPL18",5,"green"
"TBX21",1,"turquoise"
"FEM1A",2,"blue"
"MKL1",1,"turquoise"
"TRIM52",5,"green"
"IER5",2,"blue"
"ANXA8",1,"turquoise"
"PEX3",2,"blue"
"SLC6A13",1,"turquoise"
"KIAA0101",1,"turquoise"
"CDS2",2,"blue"
"SPTAN1",2,"blue"
"SFXN1",1,"turquoise"
"RPS2",5,"green"
"HMBOX1",2,"blue"
"SASH1",1,"turquoise"
"SEMA4B",1,"turquoise"
"RORA",1,"turquoise"
"ZNF101",4,"yellow"
"HSD11B2",1,"turquoise"
"MARK2",1,"turquoise"
"ATP5O",1,"turquoise"
"PPM1D",2,"blue"
"LDLR",0,"grey"
"RHOC",1,"turquoise"
"ZNF256",4,"yellow"
"MCM6",2,"blue"
"DMRTB1",1,"turquoise"
"RHBDD2",2,"blue"
"TRA2A",2,"blue"
"PKIG",1,"turquoise"
"VBP1",1,"turquoise"
"RAMP2",1,"turquoise"
"CAMKK2",1,"turquoise"
"STARD4",1,"turquoise"
"SYF2",6,"red"
"GKAP1",2,"blue"
"CDH16",1,"turquoise"
"AIRE",2,"blue"
"HEXIM2",1,"turquoise"
"DPP7",7,"black"
"GNAS",1,"turquoise"
"RPLP0",5,"green"
"RPS27",1,"turquoise"
"ZBED1",3,"brown"
"RAB18",0,"grey"
"EGLN1",3,"brown"
"APAF1",3,"brown"
"PDXK",7,"black"
"FBXL3",2,"blue"
"DNAJC3",1,"turquoise"
"BMP2K",1,"turquoise"
"ALCAM",2,"blue"
"ARHGAP15",6,"red"
"PGM1",3,"brown"
"RC3H1",1,"turquoise"
"GYPE",1,"turquoise"
"SCML4",2,"blue"
"HSPD1",1,"turquoise"
"ITGB2",1,"turquoise"
"SLC27A1",2,"blue"
"SPTA1",1,"turquoise"
"NDUFS4",1,"turquoise"
"SLC30A7",1,"turquoise"
"M6PR",2,"blue"
"RPL8",5,"green"
"CRIM1",1,"turquoise"
"PHKA2",3,"brown"
"MLH3",1,"turquoise"
"COPA",2,"blue"
"ADRA1B",1,"turquoise"
"TAF7",1,"turquoise"
"HIST1H2BJ",0,"grey"
"CIDEB",0,"grey"
"CASP8",2,"blue"
"LRRC32",1,"turquoise"
"MRPS28",1,"turquoise"
"PHTF1",3,"brown"
"NUP160",1,"turquoise"
"CEACAM21",1,"turquoise"
"MAML3",1,"turquoise"
"SMARCC2",1,"turquoise"
"SYTL1",0,"grey"
"FAM110C",1,"turquoise"
"APOA1BP",4,"yellow"
"FGD2",1,"turquoise"
"ADCY4",1,"turquoise"
"HIST1H3F",1,"turquoise"
"RPH3AL",1,"turquoise"
"CAV2",1,"turquoise"
"TRIM59",1,"turquoise"
"ANAPC4",2,"blue"
"CANX",3,"brown"
"TNFRSF14",7,"black"
"MAP4K2",2,"blue"
"RAB11B",1,"turquoise"
"RPL3L",1,"turquoise"
"RABL2A",2,"blue"
"CHRNA3",1,"turquoise"
"B3GALT1",1,"turquoise"
"INTS1",7,"black"
"HEATR1",7,"black"
"VPS13C",1,"turquoise"
"TMCO1",1,"turquoise"
"IKBKG",3,"brown"
"MAPK6",5,"green"
"LMBRD1",6,"red"
"ACSL3",1,"turquoise"
"NECAP2",0,"grey"
"DEF6",1,"turquoise"
"SLC1A3",1,"turquoise"
"CLEC3B",1,"turquoise"
"PDCD10",2,"blue"
"ADAMTS4",1,"turquoise"
"HIBADH",4,"yellow"
"LIPF",1,"turquoise"
"FBXW7",1,"turquoise"
"DDX18",4,"yellow"
"EXT1",1,"turquoise"
"RHOQ",3,"brown"
"ZNF511",1,"turquoise"
"PRCP",2,"blue"
"NPDC1",1,"turquoise"
"SLC25A23",0,"grey"
"APOE",1,"turquoise"
"KIAA1683",0,"grey"
"PSMD4",1,"turquoise"
"F2RL3",1,"turquoise"
"THOC5",3,"brown"
"ENPP4",1,"turquoise"
"WNT7B",1,"turquoise"
"ZFP3",4,"yellow"
"BET1",3,"brown"
"ABCD1",1,"turquoise"
"EPAS1",1,"turquoise"
"TTC19",4,"yellow"
"SRM",2,"blue"
"COX6A2",1,"turquoise"
"ZNHIT3",0,"grey"
"DAD1",2,"blue"
"DERL1",1,"turquoise"
"HAPLN3",2,"blue"
"TNNI3K",1,"turquoise"
"RNF6",1,"turquoise"
"TAF9B",1,"turquoise"
"DGKK",1,"turquoise"
"RAC2",0,"grey"
"RAB38",1,"turquoise"
"IL17D",1,"turquoise"
"SLAMF7",2,"blue"
"PAK3",1,"turquoise"
"SLC26A11",1,"turquoise"
"RAB8A",2,"blue"
"CD82",1,"turquoise"
"NPC2",2,"blue"
"ATP1A3",1,"turquoise"
"HOMER2",1,"turquoise"
"PPFIBP2",7,"black"
"RALGDS",1,"turquoise"
"ZNF672",2,"blue"
"RPLP2",1,"turquoise"
"LILRB1",2,"blue"
"AKAP7",1,"turquoise"
"TPR",2,"blue"
"SLC35A4",0,"grey"
"ROM1",1,"turquoise"
"UQCRC1",0,"grey"
"C1RL",3,"brown"
"RAB4B",1,"turquoise"
"CSAD",1,"turquoise"
"AQR",2,"blue"
"RTN4",4,"yellow"
"MOAP1",1,"turquoise"
"ARG2",1,"turquoise"
"RPA2",1,"turquoise"
"RBM14",4,"yellow"
"SH3PXD2A",4,"yellow"
"TMEM159",1,"turquoise"
"RAF1",6,"red"
"MYNN",2,"blue"
"TUBA1A",3,"brown"
"ABHD14A",3,"brown"
"TNFRSF8",1,"turquoise"
"LIPC",1,"turquoise"
"HOMER3",1,"turquoise"
"PTBP2",2,"blue"
"COQ5",4,"yellow"
"ARSA",3,"brown"
"ZNF331",1,"turquoise"
"LSR",1,"turquoise"
"WBSCR22",4,"yellow"
"NSUN2",1,"turquoise"
"TM9SF4",1,"turquoise"
"NIPSNAP1",1,"turquoise"
"COMMD7",5,"green"
"CCDC14",1,"turquoise"
"ZNF304",1,"turquoise"
"AKT2",1,"turquoise"
"CRYGA",1,"turquoise"
"SUSD4",1,"turquoise"
"SLC27A3",7,"black"
"ARRB2",1,"turquoise"
"MAN2B1",0,"grey"
"GLT1D1",1,"turquoise"
"FABP2",1,"turquoise"
"DNASE2",2,"blue"
"SFMBT2",1,"turquoise"
"IQGAP2",4,"yellow"
"TLK1",0,"grey"
"HAPLN4",1,"turquoise"
"COQ2",6,"red"
"QPCT",0,"grey"
"TOM1",3,"brown"
"YRDC",1,"turquoise"
"RABEP1",1,"turquoise"
"FAM3A",2,"blue"
"SLC25A43",1,"turquoise"
"PDK3",3,"brown"
"SH3GL3",1,"turquoise"
"DCK",2,"blue"
"RPS6KB2",7,"black"
"MEF2B",1,"turquoise"
"MTCP1",1,"turquoise"
"STXBP3",1,"turquoise"
"FPGT",1,"turquoise"
"NAGPA",2,"blue"
"CYBA",2,"blue"
"TPM4",1,"turquoise"
"ACAD11",4,"yellow"
"SNAPC3",1,"turquoise"
"PALLD",4,"yellow"
"TMEM127",3,"brown"
"KCNJ10",1,"turquoise"
"ST3GAL1",2,"blue"
"CYTL1",1,"turquoise"
"KIF5C",2,"blue"
"GSTM4",1,"turquoise"
"STYX",1,"turquoise"
"MICB",2,"blue"
"FAM43A",5,"green"
"BATF",5,"green"
"RPL26L1",2,"blue"
"ORMDL1",2,"blue"
"MAP3K11",0,"grey"
"POLR2I",5,"green"
"MTX3",4,"yellow"
"NAP1L3",1,"turquoise"
"MRPS21",5,"green"
"DPM3",5,"green"
"SRRM2",1,"turquoise"
"AKR1C2",1,"turquoise"
"GSPT2",4,"yellow"
"GDPD5",1,"turquoise"
"PEX6",1,"turquoise"
"P2RY11",7,"black"
"CLEC10A",1,"turquoise"
"GBAS",1,"turquoise"
"IGF2BP3",1,"turquoise"
"TMEM41B",1,"turquoise"
"SLC37A2",1,"turquoise"
"SHMT2",4,"yellow"
"NBL1",1,"turquoise"
"UFC1",5,"green"
"ZNF708",2,"blue"
"TEKT2",1,"turquoise"
"PLEKHG2",1,"turquoise"
"ENPP1",1,"turquoise"
"TNFRSF21",1,"turquoise"
"EHD3",1,"turquoise"
"DTX3L",1,"turquoise"
"MED28",5,"green"
"KCTD13",0,"grey"
"USP7",1,"turquoise"
"WDR26",2,"blue"
"ADAMDEC1",1,"turquoise"
"NAGS",1,"turquoise"
"MAGEH1",1,"turquoise"
"METAP1",4,"yellow"
"DYNLL1",1,"turquoise"
"HIST1H4E",4,"yellow"
"PSMB9",2,"blue"
"FARSB",1,"turquoise"
"LYSMD3",2,"blue"
"SAFB2",1,"turquoise"
"PRKCA",4,"yellow"
"ZDHHC17",6,"red"
"STAU1",3,"brown"
"RBMY1A1",1,"turquoise"
"RAB39B",2,"blue"
"ZMYM6",1,"turquoise"
"PROSC",2,"blue"
"OXSR1",3,"brown"
"SGCE",1,"turquoise"
"KIAA0355",4,"yellow"
"MDM4",0,"grey"
"BBX",1,"turquoise"
"HBB",1,"turquoise"
"LRRN1",1,"turquoise"
"NDUFV2",1,"turquoise"
"FIBCD1",1,"turquoise"
"MASTL",1,"turquoise"
"ARHGEF18",7,"black"
"ILF2",4,"yellow"
"RGS16",1,"turquoise"
"PSMB4",2,"blue"
"TOP2B",2,"blue"
"ZNF234",1,"turquoise"
"HGF",1,"turquoise"
"CHCHD5",5,"green"
"TSPAN6",1,"turquoise"
"GPR174",1,"turquoise"
"GAS2L3",1,"turquoise"
"DHRS3",4,"yellow"
"ANAPC1",4,"yellow"
"GPHB5",1,"turquoise"
"TGFBRAP1",2,"blue"
"INPPL1",2,"blue"
"BTK",2,"blue"
"MYO7B",1,"turquoise"
"TSPYL5",1,"turquoise"
"ERN1",1,"turquoise"
"RPL19",5,"green"
"UAP1L1",1,"turquoise"
"PRTFDC1",1,"turquoise"
"GFRA2",1,"turquoise"
"CDK5RAP2",1,"turquoise"
"TNNI2",1,"turquoise"
"MORF4L1",2,"blue"
"HDHD2",2,"blue"
"SIPA1",3,"brown"
"RNH1",2,"blue"
"SCPEP1",3,"brown"
"CD200R1",1,"turquoise"
"IL1R1",4,"yellow"
"CLEC12B",1,"turquoise"
"SFPQ",2,"blue"
"PBXIP1",5,"green"
"SPRY1",1,"turquoise"
"SERPINB8",1,"turquoise"
"TBC1D17",1,"turquoise"
"PYCARD",1,"turquoise"
"SNX16",1,"turquoise"
"ZADH2",4,"yellow"
"SNX2",1,"turquoise"
"TTR",1,"turquoise"
"CCNA1",1,"turquoise"
"ATP6V1E1",2,"blue"
"ZNF528",1,"turquoise"
"SOX12",1,"turquoise"
"ZNF75A",2,"blue"
"THEM4",1,"turquoise"
"CCNI",1,"turquoise"
"TNFAIP8L1",3,"brown"
"RGL2",3,"brown"
"PWP1",2,"blue"
"PAPD5",3,"brown"
"AHCY",5,"green"
"ECE1",1,"turquoise"
"WDR18",7,"black"
"ZNF589",2,"blue"
"CBX4",1,"turquoise"
"CKLF",3,"brown"
"IL2RG",0,"grey"
"ZNF512",4,"yellow"
"HDAC2",1,"turquoise"
"SEMA4D",3,"brown"
"CHD2",1,"turquoise"
"ANGPT1",1,"turquoise"
"LRP6",1,"turquoise"
"ETV6",2,"blue"
"ZNF571",1,"turquoise"
"CPNE3",6,"red"
"PUS3",2,"blue"
"HIPK1",1,"turquoise"
"KIN",1,"turquoise"
"FCGR2B",1,"turquoise"
"MEIS3P1",1,"turquoise"
"CCR10",1,"turquoise"
"FMNL1",1,"turquoise"
"KLF12",4,"yellow"
"CD180",1,"turquoise"
"FLII",3,"brown"
"IL7",1,"turquoise"
"ZNF30",4,"yellow"
"PSTPIP1",3,"brown"
"LEPROT",3,"brown"
"DEDD2",3,"brown"
"KHDRBS1",1,"turquoise"
"IL10RA",3,"brown"
"DCUN1D5",1,"turquoise"
"EPS15L1",1,"turquoise"
"ACTR1A",3,"brown"
"PPAPDC2",1,"turquoise"
"TRAPPC6B",2,"blue"
"COX5A",5,"green"
"NDUFB6",2,"blue"
"CD226",2,"blue"
"GADD45G",1,"turquoise"
"FAM102B",2,"blue"
"FBXO31",4,"yellow"
"PARP4",3,"brown"
"CTDSP1",0,"grey"
"EPHB6",2,"blue"
"NGRN",2,"blue"
"PRDX4",1,"turquoise"
"ISCU",2,"blue"
"RCN3",4,"yellow"
"SAT2",1,"turquoise"
"E4F1",7,"black"
"GPR132",2,"blue"
"TCEAL3",2,"blue"
"ADIPOR2",2,"blue"
"RGS17",1,"turquoise"
"OSTF1",3,"brown"
"MAN1A1",2,"blue"
"H2AFJ",4,"yellow"
"STAT5B",3,"brown"
"GLB1L",1,"turquoise"
"ACOX1",1,"turquoise"
"DNM2",1,"turquoise"
"PRKCD",1,"turquoise"
"COPB2",2,"blue"
"TUSC1",1,"turquoise"
"PPP2CA",6,"red"
"KL",1,"turquoise"
"PFN2",1,"turquoise"
"SNX3",1,"turquoise"
"TBCC",2,"blue"
"LGMN",1,"turquoise"
"MLC1",1,"turquoise"
"RCBTB2",1,"turquoise"
"OR51E2",1,"turquoise"
"IDH3A",2,"blue"
"NUCKS1",2,"blue"
"TRADD",2,"blue"
"CCS",1,"turquoise"
"SPATA4",1,"turquoise"
"YPEL4",1,"turquoise"
"CACNA1D",1,"turquoise"
"DPM1",1,"turquoise"
"NUDT11",1,"turquoise"
"PKP2",1,"turquoise"
"EME1",1,"turquoise"
"PLAGL2",2,"blue"
"ARHGAP6",1,"turquoise"
"LOC388692",2,"blue"
"SUPT4H1",3,"brown"
"FZD1",1,"turquoise"
"ADCY3",2,"blue"
"KIR2DS4",1,"turquoise"
"DDX21",1,"turquoise"
"NUDT4",1,"turquoise"
"NDUFA1",5,"green"
"LILRA6",1,"turquoise"
"POLD3",2,"blue"
"HRH2",1,"turquoise"
"RAVER1",1,"turquoise"
"HMGCS1",0,"grey"
"PDE7A",4,"yellow"
"BMP6",1,"turquoise"
"TRIM13",2,"blue"
"INHBB",1,"turquoise"
"PGM2",6,"red"
"ZC3H15",1,"turquoise"
"ZNF324",2,"blue"
"DBNDD1",6,"red"
"AK3",2,"blue"
"ACPP",3,"brown"
"IGFBP2",1,"turquoise"
"FXYD7",1,"turquoise"
"PAX7",0,"grey"
"TAP2",8,"pink"
"COL9A3",1,"turquoise"
"S100A4",0,"grey"
"DLD",2,"blue"
"CDV3",1,"turquoise"
"PLD4",1,"turquoise"
"LRMP",6,"red"
"NME3",5,"green"
"RGS19",6,"red"
"MED31",1,"turquoise"
"PDXP",4,"yellow"
"PMPCB",1,"turquoise"
"FLNB",2,"blue"
"LYZL6",1,"turquoise"
"DLG5",1,"turquoise"
"SIX4",1,"turquoise"
"BRD3",0,"grey"
"CBR3",1,"turquoise"
"NRG1",1,"turquoise"
"HK1",1,"turquoise"
"PFDN1",5,"green"
"PDP2",2,"blue"
"MEF2C",0,"grey"
"ARHGAP12",2,"blue"
"SYT3",1,"turquoise"
"ADAM9",1,"turquoise"
"PFKP",4,"yellow"
"MYOM1",1,"turquoise"
"S100A8",1,"turquoise"
"MRPL37",7,"black"
"TMEM47",1,"turquoise"
"MDFIC",2,"blue"
"MRPS9",2,"blue"
"CAMK1D",1,"turquoise"
"KBTBD2",6,"red"
"SPIN1",7,"black"
"TMEM185B",3,"brown"
"MMP1",1,"turquoise"
"RPS11",1,"turquoise"
"WDR45",1,"turquoise"
"GPR113",1,"turquoise"
"PSPH",1,"turquoise"
"TMPO",1,"turquoise"
"PRICKLE1",2,"blue"
"TBCCD1",1,"turquoise"
"SMYD2",3,"brown"
"CRLF1",1,"turquoise"
"SLU7",6,"red"
"SLC12A7",1,"turquoise"
"CEP192",1,"turquoise"
"KPNA3",2,"blue"
"ST8SIA1",1,"turquoise"
"TAS2R43",1,"turquoise"
"APOD",1,"turquoise"
"EPHA4",2,"blue"
"PLA2G12B",1,"turquoise"
"AGXT",1,"turquoise"
"WDR41",6,"red"
"FBXO5",2,"blue"
"P2RX7",2,"blue"
"PROC",1,"turquoise"
"ATP12A",1,"turquoise"
"KLHL15",1,"turquoise"
"RIPK4",1,"turquoise"
"UHRF1",1,"turquoise"
"MAPRE1",1,"turquoise"
"EXOSC10",1,"turquoise"
"ADCY8",1,"turquoise"
"SLCO4C1",3,"brown"
"PIAS4",3,"brown"
"TNFSF8",0,"grey"
"CHD6",2,"blue"
"ZNF586",3,"brown"
"SOAT1",2,"blue"
"PIP5KL1",1,"turquoise"
"EDAR",1,"turquoise"
"MFSD5",2,"blue"
"ELF4",2,"blue"
"KCNG2",1,"turquoise"
"LYPLAL1",1,"turquoise"
"CGRRF1",1,"turquoise"
"TCEAL2",1,"turquoise"
"NPHP3",4,"yellow"
"ZNF808",1,"turquoise"
"CDC42EP3",3,"brown"
"PLOD2",1,"turquoise"
"ABCC5",3,"brown"
"NAPA",1,"turquoise"
"TMEM43",6,"red"
"EMP3",2,"blue"
"TARDBP",2,"blue"
"GDF2",1,"turquoise"
"APP",1,"turquoise"
"TRIM38",0,"grey"
"HIVEP3",1,"turquoise"
"RAB3GAP1",2,"blue"
"CYP4F12",1,"turquoise"
"OLFM1",1,"turquoise"
"WDR37",1,"turquoise"
"CMAS",2,"blue"
"SNX4",1,"turquoise"
"SUPT5H",2,"blue"
"SSR2",5,"green"
"LACTB",4,"yellow"
"NUDT18",0,"grey"
"RHBDL2",2,"blue"
"HHLA3",1,"turquoise"
"TRAPPC3",7,"black"
"IL16",2,"blue"
"MORC3",0,"grey"
"TPP2",2,"blue"
"CHST3",1,"turquoise"
"STUB1",2,"blue"
"SLC35E3",6,"red"
"PGK1",1,"turquoise"
"ARL4C",2,"blue"
"BRAF",1,"turquoise"
"STRBP",2,"blue"
"SLC17A5",1,"turquoise"
"MYO9B",3,"brown"
"INSIG2",0,"grey"
"TCF7",1,"turquoise"
"VCP",3,"brown"
"DENND1C",1,"turquoise"
"PIGW",1,"turquoise"
"VRK2",2,"blue"
"LDHA",1,"turquoise"
"SPHK1",1,"turquoise"
"OSBPL1A",1,"turquoise"
"MRPL47",2,"blue"
"UNKL",1,"turquoise"
"TRRAP",4,"yellow"
"MRPS6",5,"green"
"GPR176",1,"turquoise"
"KIAA0319",1,"turquoise"
"MYOM3",1,"turquoise"
"PON2",1,"turquoise"
"GAS2L1",1,"turquoise"
"SEC61A1",7,"black"
"PLCH2",4,"yellow"
"FAM19A2",1,"turquoise"
"PPP1R3D",3,"brown"
"AKAP13",3,"brown"
"UBE2V2",1,"turquoise"
"RSBN1",1,"turquoise"
"MAP2K4",3,"brown"
"KLHDC7B",1,"turquoise"
"PRDM8",1,"turquoise"
"CD200",1,"turquoise"
"GCKR",1,"turquoise"
"KLF2",3,"brown"
"PHB2",1,"turquoise"
"ST6GAL1",1,"turquoise"
"KLHL11",1,"turquoise"
"ZNF226",2,"blue"
"SMG7",1,"turquoise"
"ADARB2",1,"turquoise"
"USP31",1,"turquoise"
"H2AFY",3,"brown"
"CLK3",1,"turquoise"
"MGC50722",1,"turquoise"
"GPNMB",1,"turquoise"
"OXER1",1,"turquoise"
"SAMD12",1,"turquoise"
"GPKOW",2,"blue"
"DDX5",1,"turquoise"
"APEX2",0,"grey"
"SMURF2",1,"turquoise"
"HIST1H4D",1,"turquoise"
"DHRS1",2,"blue"
"RXRB",7,"black"
"NAP1L4",2,"blue"
"RUFY1",1,"turquoise"
"NSFL1C",3,"brown"
"PI4K2B",2,"blue"
"TRIT1",1,"turquoise"
"ZNF300",1,"turquoise"
"RAB1B",5,"green"
"IL5RA",1,"turquoise"
"TOMM70A",1,"turquoise"
"DHRSX",1,"turquoise"
"USP3",6,"red"
"UBQLN4",4,"yellow"
"NECAP1",1,"turquoise"
"PRSS27",1,"turquoise"
"POU2F2",1,"turquoise"
"UBE2B",2,"blue"
"IVNS1ABP",3,"brown"
"CPA5",1,"turquoise"
"COL5A3",1,"turquoise"
"MPV17",2,"blue"
"BRIP1",1,"turquoise"
"LSAMP",1,"turquoise"
"HIST1H1D",1,"turquoise"
"INSM1",2,"blue"
"LAT2",3,"brown"
"TBC1D16",1,"turquoise"
"CPNE1",2,"blue"
"B2M",2,"blue"
"WDFY2",2,"blue"
"STK11",1,"turquoise"
"TAAR8",1,"turquoise"
"MRPL46",5,"green"
"RBP2",1,"turquoise"
"MRPL51",1,"turquoise"
"RNF20",2,"blue"
"DNAH7",1,"turquoise"
"CDKN3",1,"turquoise"
"RELB",1,"turquoise"
"FOSL2",4,"yellow"
"CRELD2",4,"yellow"
"GPR82",1,"turquoise"
"SLC7A1",2,"blue"
"ZNF567",2,"blue"
"KPNA4",6,"red"
"BTBD10",2,"blue"
"GIMAP6",2,"blue"
"GATAD2B",0,"grey"
"AKR1A1",2,"blue"
"ATP13A1",7,"black"
"TRIM26",2,"blue"
"AIM1",2,"blue"
"KCNE1",1,"turquoise"
"LRP12",1,"turquoise"
"RPA3",5,"green"
"GSTO1",0,"grey"
"FBXO16",1,"turquoise"
"RHEB",1,"turquoise"
"HLA-E",3,"brown"
"SRP54",1,"turquoise"
"ZNF689",7,"black"
"RAPGEF1",1,"turquoise"
"CTNNA2",1,"turquoise"
"NOTCH2NL",1,"turquoise"
"MAF",3,"brown"
"LYSMD4",7,"black"
"LECT2",1,"turquoise"
"RPS29",5,"green"
"NR3C2",4,"yellow"
"TAGLN",1,"turquoise"
"EDA2R",1,"turquoise"
"COPS3",2,"blue"
"CDC16",1,"turquoise"
"POLR3GL",1,"turquoise"
"CRIPT",6,"red"
"TTYH3",0,"grey"
"STATH",1,"turquoise"
"ABCG2",1,"turquoise"
"REEP1",1,"turquoise"
"MUT",2,"blue"
"GLDC",1,"turquoise"
"WDR61",4,"yellow"
"UBE2D3",1,"turquoise"
"AVIL",1,"turquoise"
"CHAC2",1,"turquoise"
"ZNF507",1,"turquoise"
"FUT4",0,"grey"
"TSPAN3",4,"yellow"
"SLC8A2",1,"turquoise"
"H1FX",0,"grey"
"GCNT1",1,"turquoise"
"TSPYL2",1,"turquoise"
"CBX7",1,"turquoise"
"SNHG3",1,"turquoise"
"FYN",1,"turquoise"
"SLCO4A1",1,"turquoise"
"NFIB",1,"turquoise"
"RNF146",6,"red"
"NR1H3",1,"turquoise"
"SIRPD",1,"turquoise"
"SPRR2B",1,"turquoise"
"NUPL2",5,"green"
"POLK",2,"blue"
"APBB3",2,"blue"
"PDGFC",1,"turquoise"
"PCYT1B",1,"turquoise"
"NAT10",4,"yellow"
"DBN1",1,"turquoise"
"TPX2",1,"turquoise"
"AATF",2,"blue"
"ADAM23",1,"turquoise"
"ANK1",1,"turquoise"
"VAV3",3,"brown"
"PIM3",1,"turquoise"
"MXD3",1,"turquoise"
"HIST1H3I",1,"turquoise"
"RNMTL1",7,"black"
"SERTAD2",2,"blue"
"WBP11",1,"turquoise"
"FBXL4",1,"turquoise"
"CREB5",1,"turquoise"
"COLQ",1,"turquoise"
"SFRP2",1,"turquoise"
"GNAL",1,"turquoise"
"NEDD9",1,"turquoise"
"PPP1R9B",1,"turquoise"
"KIAA0907",1,"turquoise"
"FZD6",1,"turquoise"
"IGHMBP2",1,"turquoise"
"JARID2",3,"brown"
"DNAJB4",1,"turquoise"
"ARPC5L",4,"yellow"
"TJP3",2,"blue"
"MAZ",1,"turquoise"
"NMT2",2,"blue"
"BSCL2",1,"turquoise"
"SFTPD",1,"turquoise"
"XPNPEP3",2,"blue"
"CTNND1",1,"turquoise"
"APOBEC3G",1,"turquoise"
"PIP5K1A",1,"turquoise"
"PTPRM",1,"turquoise"
"RNASE1",1,"turquoise"
"PRDM9",1,"turquoise"
"MAP2K1",1,"turquoise"
"ENPP5",1,"turquoise"
"HIST1H2AM",1,"turquoise"
"MELK",1,"turquoise"
"RANBP6",2,"blue"
"AMIGO2",1,"turquoise"
"GSTA1",1,"turquoise"
"PLXDC1",1,"turquoise"
"MYL6",1,"turquoise"
"CES2",2,"blue"
"HAPLN2",1,"turquoise"
"ATXN7",1,"turquoise"
"NUDT14",4,"yellow"
"TP53",1,"turquoise"
"ZNF350",2,"blue"
"SMARCD3",1,"turquoise"
"KCNJ16",1,"turquoise"
"SNRPE",1,"turquoise"
"SLC35A5",6,"red"
"VHL",1,"turquoise"
"LILRA4",1,"turquoise"
"SIRPG",4,"yellow"
"CHD4",3,"brown"
"PIGQ",1,"turquoise"
"MALT1",2,"blue"
"TAPBPL",0,"grey"
"CKB",1,"turquoise"
"GDF15",1,"turquoise"
"RPL13",3,"brown"
"SCN1B",1,"turquoise"
"RRAGC",3,"brown"
"BTF3",2,"blue"
"PURG",1,"turquoise"
"IAH1",5,"green"
"DKC1",4,"yellow"
"IRGQ",1,"turquoise"
"SLC2A1",2,"blue"
"CAMK2N1",2,"blue"
"SLC5A3",1,"turquoise"
"LY6G6D",1,"turquoise"
"GLS",1,"turquoise"
"GOT2",2,"blue"
"VPS8",3,"brown"
"ERGIC3",2,"blue"
"APH1A",2,"blue"
"LZTR1",4,"yellow"
"RPS27A",1,"turquoise"
"MALAT1",1,"turquoise"
"AKNA",0,"grey"
"TOLLIP",1,"turquoise"
"ITGAL",0,"grey"
"PDIA3",1,"turquoise"
"ZBTB33",1,"turquoise"
"HOXA1",1,"turquoise"
"CCDC53",1,"turquoise"
"MCM5",2,"blue"
"SCYL2",6,"red"
"GNA14",1,"turquoise"
"PVRL2",1,"turquoise"
"CDH11",1,"turquoise"
"ERAL1",0,"grey"
"TMEM5",5,"green"
"METTL7B",1,"turquoise"
"USP5",0,"grey"
"TRPM4",1,"turquoise"
"KIAA0391",1,"turquoise"
"CD177",1,"turquoise"
"ITFG1",1,"turquoise"
"RCN1",1,"turquoise"
"SLC41A3",7,"black"
"RAB20",1,"turquoise"
"CD3EAP",1,"turquoise"
"DSP",1,"turquoise"
"CCL7",1,"turquoise"
"TARS",2,"blue"
"MLKL",3,"brown"
"IRF4",2,"blue"
"ACVR1",1,"turquoise"
"RPS19",2,"blue"
"CASP1",3,"brown"
"SLC6A4",1,"turquoise"
"TSPAN31",5,"green"
"GPR63",1,"turquoise"
"OBFC1",2,"blue"
"SS18",1,"turquoise"
"MAPRE2",2,"blue"
"DNAJC5",3,"brown"
"PHPT1",1,"turquoise"
"DIAPH2",0,"grey"
"CFH",1,"turquoise"
"RBM5",1,"turquoise"
"ACVR1C",1,"turquoise"
"ZDHHC11",1,"turquoise"
"RFWD2",3,"brown"
"GCLC",2,"blue"
"CCNDBP1",1,"turquoise"
"UBE2C",1,"turquoise"
"SEC14L2",1,"turquoise"
"CAST",4,"yellow"
"ST8SIA4",3,"brown"
"ZNF140",2,"blue"
"AMDHD2",1,"turquoise"
"FAM83A",1,"turquoise"
"ELAVL3",1,"turquoise"
"NTNG2",1,"turquoise"
"STK38",2,"blue"
"PNRC1",1,"turquoise"
"RRS1",2,"blue"
"HSD11B1",1,"turquoise"
"RABAC1",2,"blue"
"FOLH1",1,"turquoise"
"SAMD3",4,"yellow"
"MPP7",1,"turquoise"
"TRIM16L",1,"turquoise"
"FOXJ2",2,"blue"
"HIST1H2AJ",1,"turquoise"
"ALOXE3",1,"turquoise"
"MAP1LC3C",1,"turquoise"
"ZNF264",0,"grey"
"KCNMB1",7,"black"
"PGM2L1",2,"blue"
"ESCO1",2,"blue"
"ADAM29",1,"turquoise"
"GTF2A2",1,"turquoise"
"ZWINT",1,"turquoise"
"VPS35",1,"turquoise"
"DLL1",1,"turquoise"
"JSRP1",1,"turquoise"
"HSPA14",1,"turquoise"
"MRPL41",4,"yellow"
"HERC2P2",1,"turquoise"
"VAPB",1,"turquoise"
"CALM2",2,"blue"
"KRT9",2,"blue"
"IER2",1,"turquoise"
"TNIK",4,"yellow"
"UNC13D",1,"turquoise"
"TMED8",1,"turquoise"
"CCDC64",1,"turquoise"
"CYP2B6",1,"turquoise"
"KRT86",1,"turquoise"
"GORASP2",2,"blue"
"PPM1E",1,"turquoise"
"BZRAP1",1,"turquoise"
"CEP55",1,"turquoise"
"SLC6A12",1,"turquoise"
"TSSC1",2,"blue"
"C1QL1",1,"turquoise"
"EXOSC1",5,"green"
"COMMD9",2,"blue"
"PCBP2",1,"turquoise"
"SPINT2",2,"blue"
"OR10H1",1,"turquoise"
"HEXB",2,"blue"
"MMP28",1,"turquoise"
"ABCC6",1,"turquoise"
"TCF15",1,"turquoise"
"FN3K",1,"turquoise"
"NMUR1",0,"grey"
"DEFB107A",1,"turquoise"
"SERPINE1",1,"turquoise"
"UQCRFS1",5,"green"
"RGS9",1,"turquoise"
"CXCL6",1,"turquoise"
"GSN",1,"turquoise"
"TBX15",1,"turquoise"
"CD274",1,"turquoise"
"IRS4",1,"turquoise"
"TMEM173",1,"turquoise"
"ZBTB41",1,"turquoise"
"TRAPPC1",0,"grey"
"DSCR8",1,"turquoise"
"LY6G5C",1,"turquoise"
"EP300",0,"grey"
"CTCF",2,"blue"
"TRHDE",1,"turquoise"
"IFRD2",1,"turquoise"
"RBBP5",3,"brown"
"PSMB10",2,"blue"
"ZNF367",1,"turquoise"
"BID",1,"turquoise"
"YPEL1",2,"blue"
"SCRN2",1,"turquoise"
"UNC50",1,"turquoise"
"TGIF1",1,"turquoise"
"TRIM34",1,"turquoise"
"FABP5",1,"turquoise"
"PHKG1",1,"turquoise"
"PANX3",1,"turquoise"
"SLC29A1",1,"turquoise"
"PSMD7",2,"blue"
"PHACTR2",2,"blue"
"TBPL1",6,"red"
"TTTY11",1,"turquoise"
"LOXL3",1,"turquoise"
"CD300LB",1,"turquoise"
"STIP1",2,"blue"
"THBS3",2,"blue"
"PTPRS",1,"turquoise"
"PPARD",1,"turquoise"
"PPM1B",1,"turquoise"
"GTF2F2",1,"turquoise"
"KRT5",1,"turquoise"
"ACACB",7,"black"
"TPI1",0,"grey"
"GLYATL1",1,"turquoise"
"MEST",1,"turquoise"
"CCL8",1,"turquoise"
"LOR",1,"turquoise"
"NUP37",5,"green"
"REXO4",7,"black"
"MGST2",0,"grey"
"XPC",0,"grey"
"SLC25A20",2,"blue"
"SOHLH2",1,"turquoise"
"ARHGAP5",1,"turquoise"
"SLC25A36",2,"blue"
"RNF166",2,"blue"
"TFE3",5,"green"
"GALNTL5",1,"turquoise"
"LCORL",1,"turquoise"
"MON1B",2,"blue"
"SERPINB12",1,"turquoise"
"FEZ1",1,"turquoise"
"CCDC71",1,"turquoise"
"LDLRAD3",1,"turquoise"
"ARHGEF6",2,"blue"
"EXOSC7",4,"yellow"
"COL23A1",1,"turquoise"
"SFTPC",1,"turquoise"
"WDR36",2,"blue"
"DNAJB6",3,"brown"
"CPXM2",1,"turquoise"
"SOX21",1,"turquoise"
"GNPDA2",2,"blue"
"CAGE1",1,"turquoise"
"FAM50A",7,"black"
"AGMAT",2,"blue"
"PPP1CC",1,"turquoise"
"SLC25A5",1,"turquoise"
"RAB13",1,"turquoise"
"ARID5A",1,"turquoise"
"HRSP12",2,"blue"
"ABCA4",1,"turquoise"
"ST13",0,"grey"
"CCRN4L",1,"turquoise"
"HMX2",1,"turquoise"
"ARPC3",3,"brown"
"GAD2",1,"turquoise"
"LILRB4",1,"turquoise"
"KLF10",1,"turquoise"
"CRK",3,"brown"
"ZCCHC9",1,"turquoise"
"LTBR",3,"brown"
"NPEPL1",3,"brown"
"SAMM50",2,"blue"
"PDPK1",3,"brown"
"MAP3K15",1,"turquoise"
"HIC1",1,"turquoise"
"ADAM6",1,"turquoise"
"DBT",5,"green"
"CDAN1",2,"blue"
"COX6C",2,"blue"
"PPAP2B",1,"turquoise"
"CXCL9",1,"turquoise"
"BMP2",1,"turquoise"
"AQP2",1,"turquoise"
"HM13",1,"turquoise"
"DDX23",2,"blue"
"EFNB2",2,"blue"
"KCNS2",1,"turquoise"
"KLHDC7A",1,"turquoise"
"ELOVL6",0,"grey"
"PRAME",1,"turquoise"
"GHR",1,"turquoise"
"TRIM6",1,"turquoise"
"ATF7IP2",2,"blue"
"CRTAM",1,"turquoise"
"SLC32A1",1,"turquoise"
"ABCB1",0,"grey"
"PDCD2",5,"green"
"FGD6",1,"turquoise"
"SCML2",1,"turquoise"
"SPPL2A",6,"red"
"NUFIP2",2,"blue"
"CYSLTR1",8,"pink"
"MAFK",1,"turquoise"
"HTATIP2",3,"brown"
"MYCBP2",1,"turquoise"
"LILRB5",1,"turquoise"
"PRR13",3,"brown"
"WFDC1",1,"turquoise"
"TMEM119",1,"turquoise"
"SCT",1,"turquoise"
"CRTAP",5,"green"
"NKX2-3",1,"turquoise"
"HIP1R",1,"turquoise"
"PANK2",8,"pink"
"GFM2",1,"turquoise"
"KCNK7",1,"turquoise"
"PGLS",0,"grey"
"POLR2F",5,"green"
"TRIP10",1,"turquoise"
"CSK",0,"grey"
"PIM2",2,"blue"
"ALKBH7",2,"blue"
"CYB5D1",2,"blue"
"ZNF593",5,"green"
"CD53",2,"blue"
"CYFIP1",1,"turquoise"
"ZNF563",2,"blue"
"WDR5B",1,"turquoise"
"CD44",1,"turquoise"
"PIAS1",3,"brown"
"RSPRY1",2,"blue"
"MIA3",1,"turquoise"
"LAMB4",1,"turquoise"
"RICTOR",2,"blue"
"OAZ1",1,"turquoise"
"KRT7",1,"turquoise"
"INPP5A",3,"brown"
"OR5I1",1,"turquoise"
"CYP26B1",1,"turquoise"
"TMEM99",4,"yellow"
"JOSD2",1,"turquoise"
"ZDHHC1",1,"turquoise"
"PLCL1",1,"turquoise"
"CLN8",1,"turquoise"
"DCAKD",7,"black"
"PTPN11",6,"red"
"TMSB4Y",1,"turquoise"
"LRCH3",2,"blue"
"BLNK",2,"blue"
"CHRNA6",1,"turquoise"
"BMX",1,"turquoise"
"TCF4",6,"red"
"CAPN11",1,"turquoise"
"RAB9A",1,"turquoise"
"DOT1L",1,"turquoise"
"SYCP1",1,"turquoise"
"PLCXD1",4,"yellow"
"PRAMEF1",1,"turquoise"
"ST14",1,"turquoise"
"CBFA2T3",1,"turquoise"
"ZNF404",1,"turquoise"
"PLA2G12A",1,"turquoise"
"MFSD7",1,"turquoise"
"MTFMT",1,"turquoise"
"SPCS1",4,"yellow"
"SDCCAG3",2,"blue"
"CHUK",6,"red"
"KIAA2018",1,"turquoise"
"SLC35D1",1,"turquoise"
"ATP8A2",1,"turquoise"
"MFNG",4,"yellow"
"HIRIP3",7,"black"
"FAM81B",1,"turquoise"
"ELF1",6,"red"
"TAF1A",1,"turquoise"
"SLC6A9",1,"turquoise"
"TIAM1",1,"turquoise"
"CALM1",1,"turquoise"
"ANKRD39",2,"blue"
"SLC25A4",4,"yellow"
"TMEM101",5,"green"
"FFAR3",1,"turquoise"
"ITGA7",1,"turquoise"
"ABHD2",1,"turquoise"
"DHX35",1,"turquoise"
"DPF3",1,"turquoise"
"JMY",1,"turquoise"
"DNAJC6",1,"turquoise"
"CDC42EP4",2,"blue"
"CST4",1,"turquoise"
"ADRM1",0,"grey"
"CDADC1",1,"turquoise"
"ATXN3",1,"turquoise"
"RGR",1,"turquoise"
"SMG5",0,"grey"
"BRD4",1,"turquoise"
"LOC441242",1,"turquoise"
"TTC1",2,"blue"
"RHBDD1",1,"turquoise"
"UGDH",2,"blue"
"IQCD",1,"turquoise"
"ZNF660",1,"turquoise"
"PARVB",1,"turquoise"
"CCDC17",1,"turquoise"
"SDC2",1,"turquoise"
"SCAND1",2,"blue"
"ARCN1",2,"blue"
"LHX1",1,"turquoise"
"ADAM21",1,"turquoise"
"TMED9",1,"turquoise"
"LCN10",1,"turquoise"
"LRBA",2,"blue"
"RCC1",1,"turquoise"
"SLC19A2",1,"turquoise"
"EHD4",2,"blue"
"SERAC1",2,"blue"
"HPCAL4",4,"yellow"
"STX16",2,"blue"
"USPL1",1,"turquoise"
"FAM126A",1,"turquoise"
"SESN2",1,"turquoise"
"SRF",2,"blue"
"SERTAD3",1,"turquoise"
"RERE",3,"brown"
"SNAI3",1,"turquoise"
"COX10",7,"black"
"PLP2",4,"yellow"
"P2RY14",1,"turquoise"
"MSH2",2,"blue"
"GTPBP4",1,"turquoise"
"PHC3",1,"turquoise"
"KIAA1143",1,"turquoise"
"UGT3A1",1,"turquoise"
"ZNF85",2,"blue"
"AMD1",6,"red"
"AQP5",1,"turquoise"
"ZNF540",4,"yellow"
"SEMA5A",1,"turquoise"
"PPIC",1,"turquoise"
"SURF1",2,"blue"
"HAND2",1,"turquoise"
"DBNDD2",1,"turquoise"
"ENPP7",1,"turquoise"
"OR51I1",1,"turquoise"
"TRPM1",1,"turquoise"
"SET",1,"turquoise"
"ZC3H3",2,"blue"
"RAB5A",2,"blue"
"RASEF",1,"turquoise"
"BZW1",2,"blue"
"API5",1,"turquoise"
"TINAGL1",1,"turquoise"
"ZNF20",3,"brown"
"HLA-DPB2",1,"turquoise"
"ELOF1",1,"turquoise"
"PTP4A1",1,"turquoise"
"SUSD1",2,"blue"
"SCGN",1,"turquoise"
"GMNN",2,"blue"
"HOOK1",1,"turquoise"
"TEF",1,"turquoise"
"GP6",1,"turquoise"
"GAB2",1,"turquoise"
"KIAA0232",3,"brown"
"REN",1,"turquoise"
"PPIH",4,"yellow"
"CTXN1",1,"turquoise"
"RAB11FIP3",4,"yellow"
"BNC2",1,"turquoise"
"DENND1B",1,"turquoise"
"RPS6KL1",1,"turquoise"
"STC1",1,"turquoise"
"ERCC4",1,"turquoise"
"RND1",1,"turquoise"
"NDUFAF1",1,"turquoise"
"PDZD11",1,"turquoise"
"NEU3",1,"turquoise"
"OR7A5",1,"turquoise"
"TOMM40",4,"yellow"
"PCDHB11",1,"turquoise"
"VEGFC",1,"turquoise"
"PRKG1",1,"turquoise"
"MOV10",2,"blue"
"LCK",1,"turquoise"
"SLC17A3",1,"turquoise"
"ACBD3",1,"turquoise"
"LCE2B",1,"turquoise"
"VEPH1",1,"turquoise"
"ACTB",1,"turquoise"
"ZNF268",1,"turquoise"
"KIF11",1,"turquoise"
"SSTR5",1,"turquoise"
"ZNF382",1,"turquoise"
"PARP8",2,"blue"
"PABPN1",2,"blue"
"FLRT1",1,"turquoise"
"DEPDC7",1,"turquoise"
"KIF4A",1,"turquoise"
"KIF15",1,"turquoise"
"MKLN1",1,"turquoise"
"PDE1C",1,"turquoise"
"BPY2",1,"turquoise"
"TNRC6C",1,"turquoise"
"PRLH",1,"turquoise"
"CALCOCO1",5,"green"
"COX7A2",5,"green"
"CLN5",0,"grey"
"DOCK11",6,"red"
"PSG2",1,"turquoise"
"EIF4A1",2,"blue"
"NCOA7",2,"blue"
"CORO1B",2,"blue"
"MOSPD3",1,"turquoise"
"CLDN8",1,"turquoise"
"DEFB103A",1,"turquoise"
"SNRPD3",2,"blue"
"SLC1A7",1,"turquoise"
"SYCN",1,"turquoise"
"TLR3",1,"turquoise"
"EFCAB2",1,"turquoise"
"ARSD",1,"turquoise"
"ZNF692",1,"turquoise"
"ABCD2",1,"turquoise"
"EID3",1,"turquoise"
"AKT1S1",1,"turquoise"
"ASXL2",0,"grey"
"RDM1",1,"turquoise"
"NTN4",1,"turquoise"
"GUSB",2,"blue"
"GTF3C1",1,"turquoise"
"LCMT2",2,"blue"
"ARHGAP4",0,"grey"
"EAF2",0,"grey"
"OR7D2",1,"turquoise"
"ZNF266",1,"turquoise"
"MRC2",1,"turquoise"
"SNAP91",1,"turquoise"
"ACOT4",2,"blue"
"SFRP1",1,"turquoise"
"CSNK1D",3,"brown"
"ARHGAP29",1,"turquoise"
"DFNA5",1,"turquoise"
"MTA2",0,"grey"
"CD300A",3,"brown"
"ZNF678",1,"turquoise"
"DNAJC8",7,"black"
"GATA6",1,"turquoise"
"RAB33A",2,"blue"
"ARMC10",5,"green"
"JAM2",1,"turquoise"
"MAN2C1",2,"blue"
"LOC284379",1,"turquoise"
"MC1R",1,"turquoise"
"MED12",1,"turquoise"
"GEM",1,"turquoise"
"PLCH1",1,"turquoise"
"IRX1",1,"turquoise"
"ZNF319",3,"brown"
"RBPJ",1,"turquoise"
"DEFB106A",1,"turquoise"
"RNF150",1,"turquoise"
"HBS1L",1,"turquoise"
"PURB",1,"turquoise"
"AXIN1",2,"blue"
"NDUFC2",1,"turquoise"
"MFSD3",7,"black"
"CLIP2",1,"turquoise"
"EPN1",3,"brown"
"PDCD5",5,"green"
"CENPE",1,"turquoise"
"ATP6V1G3",1,"turquoise"
"LYZL4",1,"turquoise"
"SREBF2",1,"turquoise"
"NDUFA7",5,"green"
"PPIL4",1,"turquoise"
"EXOC6",1,"turquoise"
"CHCHD2",1,"turquoise"
"UBE2R2",2,"blue"
"COL6A3",1,"turquoise"
"TMPRSS3",1,"turquoise"
"TBK1",6,"red"
"PSMD1",2,"blue"
"RPE",1,"turquoise"
"IFNW1",1,"turquoise"
"CBR4",4,"yellow"
"NTS",1,"turquoise"
"PSMB7",5,"green"
"MT1H",1,"turquoise"
"UEVLD",2,"blue"
"CPN1",1,"turquoise"
"PRRG1",1,"turquoise"
"SLC38A6",2,"blue"
"CA5A",1,"turquoise"
"FAM98B",1,"turquoise"
"CALCB",1,"turquoise"
"ZNF524",2,"blue"
"DGCR5",1,"turquoise"
"GFPT2",1,"turquoise"
"SOS1",1,"turquoise"
"ATP10D",1,"turquoise"
"FAM9B",1,"turquoise"
"MALL",1,"turquoise"
"DDI2",1,"turquoise"
"ODF3L1",1,"turquoise"
"SPERT",1,"turquoise"
"EMD",7,"black"
"IL1RAPL1",1,"turquoise"
"ELOVL3",1,"turquoise"
"AGA",1,"turquoise"
"SPTB",1,"turquoise"
"DOK5",1,"turquoise"
"CYYR1",1,"turquoise"
"EP400",4,"yellow"
"RAB3D",1,"turquoise"
"GPR20",1,"turquoise"
"MAPK1",3,"brown"
"ZNF700",1,"turquoise"
"SOS2",1,"turquoise"
"RPS6KA5",1,"turquoise"
"GALR2",1,"turquoise"
"RPRM",1,"turquoise"
"POMP",1,"turquoise"
"MRPL20",5,"green"
"SPAG1",1,"turquoise"
"FUCA1",1,"turquoise"
"SH3D19",1,"turquoise"
"INPP4B",4,"yellow"
"CLEC11A",1,"turquoise"
"IL6ST",1,"turquoise"
"RAX",1,"turquoise"
"TAAR9",1,"turquoise"
"ADAM33",1,"turquoise"
"ZFYVE26",2,"blue"
"SFRP4",1,"turquoise"
"RALA",4,"yellow"
"DOK6",1,"turquoise"
"CSMD1",1,"turquoise"
"SLC44A1",6,"red"
"JDP2",1,"turquoise"
"LDOC1",2,"blue"
"SOX1",1,"turquoise"
"GRIK5",1,"turquoise"
"COQ10A",2,"blue"
"OSTM1",6,"red"
"NRN1",1,"turquoise"
"CDK5RAP3",2,"blue"
"CYP27B1",1,"turquoise"
"RASGEF1A",1,"turquoise"
"TCFL5",2,"blue"
"KAL1",1,"turquoise"
"STOML3",1,"turquoise"
"TMUB2",3,"brown"
"KATNB1",2,"blue"
"PENK",1,"turquoise"
"POU4F2",1,"turquoise"
"DSCAML1",1,"turquoise"
"SSX4",1,"turquoise"
"TEP1",1,"turquoise"
"NMNAT3",1,"turquoise"
"GFRA4",1,"turquoise"
"SYT8",1,"turquoise"
"OLFML2A",1,"turquoise"
"DARS",2,"blue"
"COPS7A",2,"blue"
"SLC25A28",1,"turquoise"
"TP53RK",5,"green"
"SMPX",1,"turquoise"
"MRPL11",5,"green"
"FCRL3",2,"blue"
"FGF23",1,"turquoise"
"ZNF302",1,"turquoise"
"IFNA16",1,"turquoise"
"ZNF491",1,"turquoise"
"SUPV3L1",2,"blue"
"RTDR1",1,"turquoise"
"EML3",7,"black"
"RPS6KC1",2,"blue"
"NKAP",2,"blue"
"SLCO1B1",1,"turquoise"
"SPATA8",1,"turquoise"
"MEG3",1,"turquoise"
"SLA2",1,"turquoise"
"VPS39",2,"blue"
"GABPA",1,"turquoise"
"FTL",1,"turquoise"
"UBE2S",1,"turquoise"
"FUBP3",1,"turquoise"
"PLOD3",2,"blue"
"PLEKHG1",1,"turquoise"
"MRPL38",3,"brown"
"SH3KBP1",2,"blue"
"SLC4A4",1,"turquoise"
"ACTL7A",1,"turquoise"
"MED12L",1,"turquoise"
"TMPRSS5",1,"turquoise"
"ANKRD2",1,"turquoise"
"RALGPS2",1,"turquoise"
"MTNR1B",1,"turquoise"
"TMEM38B",2,"blue"
"FAM111A",1,"turquoise"
"DENND4A",2,"blue"
"CST8",1,"turquoise"
"SYTL2",1,"turquoise"
"SPRR1B",1,"turquoise"
"NBEAL1",1,"turquoise"
"TRPV2",2,"blue"
"CECR5",7,"black"
"KCNF1",1,"turquoise"
"ALMS1",1,"turquoise"
"EMP1",1,"turquoise"
"UBE2U",1,"turquoise"
"GJA10",1,"turquoise"
"ADAMTS19",1,"turquoise"
"NUSAP1",1,"turquoise"
"SORD",2,"blue"
"ANKRD50",1,"turquoise"
"ADRA2A",1,"turquoise"
"LY6K",1,"turquoise"
"MKI67",1,"turquoise"
"ZKSCAN1",1,"turquoise"
"NHS",1,"turquoise"
"POLR2B",1,"turquoise"
"DNM1",1,"turquoise"
"PAQR7",1,"turquoise"
"HBP1",3,"brown"
"ZNF625",1,"turquoise"
"KIAA0020",4,"yellow"
"TPTE",1,"turquoise"
"FGF5",1,"turquoise"
"OSMR",1,"turquoise"
"AIPL1",1,"turquoise"
"FNTA",4,"yellow"
"TBX10",1,"turquoise"
"MYH3",2,"blue"
"ZNHIT1",2,"blue"
"ALG10",1,"turquoise"
"SUPT16H",2,"blue"
"CDK2AP2",2,"blue"
"EXOSC5",2,"blue"
"SCGB3A2",1,"turquoise"
"PPWD1",4,"yellow"
"USP32",1,"turquoise"
"NEU1",2,"blue"
"SMAD4",1,"turquoise"
"CPT2",0,"grey"
"GMDS",7,"black"
"TCERG1L",1,"turquoise"
"S100A9",1,"turquoise"
"CLDN9",1,"turquoise"
"FSTL4",1,"turquoise"
"NAG18",1,"turquoise"
"WNT8B",1,"turquoise"
"CDC37",7,"black"
"EPHX1",1,"turquoise"
"ATP5A1",7,"black"
"RPS6KB1",1,"turquoise"
"DMGDH",1,"turquoise"
"ASH2L",2,"blue"
"DGCR2",3,"brown"
"KIF13A",1,"turquoise"
"SGCA",1,"turquoise"
"MYF5",1,"turquoise"
"SPRY4",1,"turquoise"
"UPK3A",1,"turquoise"
"MRGPRE",1,"turquoise"
"HILS1",1,"turquoise"
"PLAG1",1,"turquoise"
"ABCF1",2,"blue"
"NR0B1",1,"turquoise"
"NMUR2",1,"turquoise"
"ARHGEF2",3,"brown"
"ARHGAP24",1,"turquoise"
"RBBP8",1,"turquoise"
"CCNB2",1,"turquoise"
"PSMC2",1,"turquoise"
"MRGPRX2",1,"turquoise"
"TJAP1",7,"black"
"SLC35F4",1,"turquoise"
"NXF3",1,"turquoise"
"USP53",1,"turquoise"
"DMBT1",1,"turquoise"
"PLA2G4F",1,"turquoise"
"PRPF4B",2,"blue"
"ADAM18",1,"turquoise"
"KIAA1432",1,"turquoise"
"KCTD11",1,"turquoise"
"TMEM125",1,"turquoise"
"CCDC3",1,"turquoise"
"PBX4",2,"blue"
"CHRDL1",1,"turquoise"
"CPEB3",2,"blue"
"TAX1BP3",2,"blue"
"NPEPPS",6,"red"
"NEDD4L",1,"turquoise"
"PTPN3",1,"turquoise"
"CNTNAP3",1,"turquoise"
"MRPS26",4,"yellow"
"DRP2",1,"turquoise"
"WASF1",1,"turquoise"
"TCP11L1",1,"turquoise"
"PLEKHB1",2,"blue"
"MED6",1,"turquoise"
"NRK",1,"turquoise"
"GDAP1",1,"turquoise"
"CHCHD4",5,"green"
"CAMK2G",3,"brown"
"USP28",1,"turquoise"
"CLEC14A",1,"turquoise"
"KREMEN1",1,"turquoise"
"HSPA1L",2,"blue"
"KRT8",1,"turquoise"
"BTNL8",1,"turquoise"
"HAMP",1,"turquoise"
"TSPAN17",7,"black"
"ARMCX1",1,"turquoise"
"COX4I1",5,"green"
"ATF5",1,"turquoise"
"CDYL2",1,"turquoise"
"NAT8",1,"turquoise"
"SYT6",1,"turquoise"
"PHKA1",1,"turquoise"
"SKIV2L2",1,"turquoise"
"GPR35",1,"turquoise"
"ANP32B",2,"blue"
"B3GAT1",1,"turquoise"
"ANKS1A",3,"brown"
"PRPSAP2",1,"turquoise"
"OR5P2",1,"turquoise"
"STEAP1",1,"turquoise"
"SLCO2B1",1,"turquoise"
"F8",1,"turquoise"
"TNFRSF18",1,"turquoise"
"IFNA21",1,"turquoise"
"KHSRP",1,"turquoise"
"NR2C2",1,"turquoise"
"F9",1,"turquoise"
"UGT2A1",1,"turquoise"
"CAPN5",1,"turquoise"
"VCAM1",1,"turquoise"
"VDAC1",1,"turquoise"
"ZNF490",1,"turquoise"
"ROCK2",1,"turquoise"
"TIAF1",1,"turquoise"
"EZH2",1,"turquoise"
"CIRH1A",4,"yellow"
"SH2D2A",1,"turquoise"
"CPA4",1,"turquoise"
"DHFRL1",2,"blue"
"RASGRF2",1,"turquoise"
"PRDM14",1,"turquoise"
"CLPS",1,"turquoise"
"DDOST",1,"turquoise"
"IQGAP3",1,"turquoise"
"CDK6",4,"yellow"
"RPL3",3,"brown"
"PDGFA",1,"turquoise"
"BZW2",4,"yellow"
"FAM71A",1,"turquoise"
"CIZ1",1,"turquoise"
"CUL4A",2,"blue"
"TERF1",2,"blue"
"TFDP3",1,"turquoise"
"PCGF3",1,"turquoise"
"TNFAIP8L2",3,"brown"
"APOBEC3C",1,"turquoise"
"TPM2",2,"blue"
"GTF2IRD2B",1,"turquoise"
"NDUFA13",5,"green"
"MAP1LC3B",3,"brown"
"TAF11",1,"turquoise"
"CIB4",1,"turquoise"
"PAN3",6,"red"
"RRM1",4,"yellow"
"RNF44",0,"grey"
"CRYAB",1,"turquoise"
"POU3F1",1,"turquoise"
"MIA2",1,"turquoise"
"FBXW11",1,"turquoise"
"DBNL",3,"brown"
"HPCAL1",1,"turquoise"
"AGTR2",1,"turquoise"
"TGDS",5,"green"
"OXTR",1,"turquoise"
"DPYSL3",1,"turquoise"
"SARM1",2,"blue"
"IGFBP6",1,"turquoise"
"PRELID1",2,"blue"
"TMEM102",1,"turquoise"
"CEP63",1,"turquoise"
"OR10C1",1,"turquoise"
"BAGE2",1,"turquoise"
"GLB1",0,"grey"
"RNF31",2,"blue"
"NID2",1,"turquoise"
"MMP17",1,"turquoise"
"FRRS1",1,"turquoise"
"CA9",1,"turquoise"
"PDGFD",0,"grey"
"ARHGAP20",1,"turquoise"
"CCNB1",1,"turquoise"
"PRM3",1,"turquoise"
"SPOCD1",1,"turquoise"
"DOK1",1,"turquoise"
"LENG8",1,"turquoise"
"MAPK13",2,"blue"
"MAGEA8",1,"turquoise"
"NIT1",2,"blue"
"CYP2S1",1,"turquoise"
"TMEM100",1,"turquoise"
"MAGOH",1,"turquoise"
"PDZD4",1,"turquoise"
"STX8",1,"turquoise"
"CHRFAM7A",1,"turquoise"
"GRHL1",1,"turquoise"
"ABCB11",1,"turquoise"
"PMCH",1,"turquoise"
"EFNA1",1,"turquoise"
"RGL1",2,"blue"
"CA14",1,"turquoise"
"CHD9",1,"turquoise"
"IVD",1,"turquoise"
"PIN1",4,"yellow"
"PTGIR",1,"turquoise"
"AVPR1A",1,"turquoise"
"MMP26",1,"turquoise"
"ZNF257",1,"turquoise"
"SRPR",0,"grey"
"PRR7",1,"turquoise"
"MRPS35",1,"turquoise"
"GRTP1",1,"turquoise"
"ASB8",2,"blue"
"ABHD10",5,"green"
"PGC",1,"turquoise"
"CHMP4C",1,"turquoise"
"TAT",1,"turquoise"
"FAT2",1,"turquoise"
"DNAJC15",1,"turquoise"
"SLC18A2",1,"turquoise"
"ZAK",1,"turquoise"
"ATP2B4",0,"grey"
"IFT74",2,"blue"
"PPP1R3C",1,"turquoise"
"RAB27A",1,"turquoise"
"TAS2R39",1,"turquoise"
"OR7C1",1,"turquoise"
"SMCR8",1,"turquoise"
"VSIG1",1,"turquoise"
"DUSP23",1,"turquoise"
"CDH18",1,"turquoise"
"PTPRN",1,"turquoise"
"HSD17B8",4,"yellow"
"LIF",1,"turquoise"
"PAPOLG",1,"turquoise"
"TACC1",3,"brown"
"SLC45A1",1,"turquoise"
"CDC6",1,"turquoise"
"FSD2",1,"turquoise"
"PPP1R9A",1,"turquoise"
"MS4A12",1,"turquoise"
"HIST1H1E",1,"turquoise"
"ARSE",1,"turquoise"
"DLK1",1,"turquoise"
"CD244",1,"turquoise"
"SLC27A2",1,"turquoise"
"IL13RA2",1,"turquoise"
"PNLIPRP1",1,"turquoise"
"FAM76B",1,"turquoise"
"PPP1R10",3,"brown"
"YARS",1,"turquoise"
"CCDC33",1,"turquoise"
"FMR1",1,"turquoise"
"ZNF365",1,"turquoise"
"KRTAP3-1",1,"turquoise"
"PHF11",1,"turquoise"
"EFCAB1",1,"turquoise"
"PTPN14",1,"turquoise"
"SERPINF1",1,"turquoise"
"RPS27L",1,"turquoise"
"IL2RA",1,"turquoise"
"CACNA1I",1,"turquoise"
"ALKBH8",2,"blue"
"BUB1B",1,"turquoise"
"SCARNA15",1,"turquoise"
"DDIT4L",1,"turquoise"
"MBOAT1",1,"turquoise"
"ARSG",3,"brown"
"H2BFXP",1,"turquoise"
"MYOD1",1,"turquoise"
"NDUFS1",1,"turquoise"
"PAX1",1,"turquoise"
"EPB41L2",1,"turquoise"
"WBSCR17",1,"turquoise"
"CPM",1,"turquoise"
"SIT1",3,"brown"
"OCLN",1,"turquoise"
"ENPP6",1,"turquoise"
"OTOS",1,"turquoise"
"TUFM",1,"turquoise"
"PGR",1,"turquoise"
"OR10H3",1,"turquoise"
"KIF14",1,"turquoise"
"S100A16",1,"turquoise"
"PCDHB1",1,"turquoise"
"MAEL",1,"turquoise"
"CCDC12",7,"black"
"PCMT1",6,"red"
"GTF2H5",5,"green"
"UGT2B15",1,"turquoise"
"MORC2",2,"blue"
"TYROBP",1,"turquoise"
"PRPF31",1,"turquoise"
"DAPK1",1,"turquoise"
"SPECC1",1,"turquoise"
"ZNF200",1,"turquoise"
"LHFPL3",1,"turquoise"
"MPP4",1,"turquoise"
"TMEM69",5,"green"
"MBL2",1,"turquoise"
"EFNA4",1,"turquoise"
"LOC93622",5,"green"
"REPS1",1,"turquoise"
"ZNF595",1,"turquoise"
"CLDN7",1,"turquoise"
"SEPP1",1,"turquoise"
"TSPAN32",2,"blue"
"DVL1",1,"turquoise"
"ASB2",1,"turquoise"
"NTF3",1,"turquoise"
"FOLR1",1,"turquoise"
"HN1",2,"blue"
"ADH7",1,"turquoise"
"MYO18B",1,"turquoise"
"REL",2,"blue"
"TIGD6",1,"turquoise"
"SNTB2",2,"blue"
"MLXIPL",1,"turquoise"
"CRYBA1",1,"turquoise"
"CD99",0,"grey"
"ST3GAL2",1,"turquoise"
"SLC44A3",1,"turquoise"
"NNMT",1,"turquoise"
"GCC1",2,"blue"
"OR12D2",1,"turquoise"
"PROCR",1,"turquoise"
"GPX2",1,"turquoise"
"WIPI2",1,"turquoise"
"LEMD2",0,"grey"
"IL3RA",1,"turquoise"
"LMNB2",2,"blue"
"FBXL16",2,"blue"
"SPC25",1,"turquoise"
"PLEKHA7",1,"turquoise"
"POP5",5,"green"
"PROZ",1,"turquoise"
"TNFSF18",1,"turquoise"
"RBM41",1,"turquoise"
"TMEM35",1,"turquoise"
"ZP2",1,"turquoise"
"SUZ12",6,"red"
"DHH",1,"turquoise"
"PIP5K1C",1,"turquoise"
"ELSPBP1",1,"turquoise"
"SPINK2",1,"turquoise"
"MMP23A",1,"turquoise"
"GTF3C4",1,"turquoise"
"ZNF208",1,"turquoise"
"HSPA12B",1,"turquoise"
"RIPK1",2,"blue"
"OR5V1",1,"turquoise"
"ASCC1",2,"blue"
"OLFML2B",1,"turquoise"
"RARA",1,"turquoise"
"PNPO",7,"black"
"TRAF1",1,"turquoise"
"GAD1",1,"turquoise"
"PTPN20B",1,"turquoise"
"CBLL1",1,"turquoise"
"POLI",1,"turquoise"
"KIF20A",1,"turquoise"
"NRAP",1,"turquoise"
"SIAH1",1,"turquoise"
"RBL2",1,"turquoise"
"ADCY1",1,"turquoise"
"SNX17",2,"blue"
"TMEM185A",2,"blue"
"ISLR",1,"turquoise"
"ZNF703",1,"turquoise"
"ZNF468",1,"turquoise"
"ERF",1,"turquoise"
"P2RY2",1,"turquoise"
"AMELY",1,"turquoise"
"METTL3",4,"yellow"
"ALDH9A1",3,"brown"
"PPID",1,"turquoise"
"NAV3",1,"turquoise"
"KIR2DS1",1,"turquoise"
"KNTC1",2,"blue"
"DHX57",1,"turquoise"
"SPATA12",1,"turquoise"
"SAMHD1",1,"turquoise"
"BFAR",1,"turquoise"
"NFYC",3,"brown"
"ATP6V0A2",0,"grey"
"CCNA2",1,"turquoise"
"OR10A5",1,"turquoise"
"COL6A2",1,"turquoise"
"RPL36AL",1,"turquoise"
"DDX31",1,"turquoise"
"STXBP1",1,"turquoise"
"TSPAN16",1,"turquoise"
"IQCF2",1,"turquoise"
"RTN2",1,"turquoise"
"PHF20",1,"turquoise"
"MGC70870",1,"turquoise"
"DDX3X",3,"brown"
"SEC22C",2,"blue"
"TMEM116",4,"yellow"
"AGPAT1",1,"turquoise"
"SEMA7A",1,"turquoise"
"RCOR2",1,"turquoise"
"MCF2L2",1,"turquoise"
"FAM69A",1,"turquoise"
"PRC1",1,"turquoise"
"AHR",1,"turquoise"
"KIAA1715",1,"turquoise"
"VCY",1,"turquoise"
"DYNC1LI2",2,"blue"
"CYP11A1",1,"turquoise"
"DKK1",1,"turquoise"
"STK10",3,"brown"
"SGOL2",1,"turquoise"
"TLE2",1,"turquoise"
"GPRC6A",1,"turquoise"
"CHMP4B",3,"brown"
"A2ML1",1,"turquoise"
"CLLU1",1,"turquoise"
"PTPN21",1,"turquoise"
"PDCD7",2,"blue"
"MYH4",2,"blue"
"PSMB3",2,"blue"
"DDX25",1,"turquoise"
"UCN2",1,"turquoise"
"CCNT1",1,"turquoise"
"LGR4",1,"turquoise"
"RNASEH1",4,"yellow"
"HIST1H1B",1,"turquoise"
"PCDHGA8",1,"turquoise"
"ZNF25",5,"green"
"DDB1",1,"turquoise"
"SNTG2",1,"turquoise"
"B3GAT2",1,"turquoise"
"CDH23",1,"turquoise"
"SLC5A7",1,"turquoise"
"KDELR1",2,"blue"
"DYRK3",1,"turquoise"
"SYNJ1",1,"turquoise"
"SFTPB",1,"turquoise"
"INSR",1,"turquoise"
"ZNF493",2,"blue"
"PARP16",1,"turquoise"
"SSR1",6,"red"
"SIX1",1,"turquoise"
"DYRK1B",1,"turquoise"
"VN1R4",1,"turquoise"
"SBK1",2,"blue"
"PTPRE",1,"turquoise"
"ERCC5",1,"turquoise"
"CNFN",1,"turquoise"
"ATP10A",1,"turquoise"
"FAM71C",1,"turquoise"
"ING4",2,"blue"
"KCNV1",1,"turquoise"
"CCNK",3,"brown"
"CLIC2",1,"turquoise"
"FAP",1,"turquoise"
"CATSPER1",1,"turquoise"
"TCEAL7",1,"turquoise"
"TSPAN15",1,"turquoise"
"NTSR1",1,"turquoise"
"TTC6",1,"turquoise"
"SPO11",1,"turquoise"
"PSMD12",2,"blue"
